Event,Time
StompKillGreenKoopa,-2
StompKillGreenKoopa,-2
StompKillGreenKoopa,-2
LittleStateStart,0
StartLevel,0
UnleashShell,8
UnleashShell,8
UnleashShell,8
ShellKillGoomba,9
ShellKillGoomba,9
ShellKillGoomba,9
ShellKillGoomba,17
ShellKillGoomba,17
ShellKillGoomba,17
LittleStateEnd,57
DeathByShell,74
LittleStateStart,75
StartLevel,75
RightMoveStart,126
JumpStart,128
StompKillGoomba,137
RightMoveEnd,142
JumpEnd,144
StompKillGoomba,145
RightMoveStart,169
JumpStart,170
RightMoveStart,171
RightMoveStart,173
RightMoveEnd,174
JumpEnd,182
JumpStart,184
RightMoveEnd,197
JumpEnd,200
RightMoveEnd,213
RightMoveEnd,213
JumpStart,214
RightMoveStart,215
RightMoveStart,217
RightMoveEnd,236
JumpEnd,239
LeftMoveStart,245
RightMoveEnd,246
LeftMoveEnd,252
RightMoveStart,255
RightMoveEnd,258
JumpStart,259
JumpEnd,273
RightMoveStart,316
RightMoveEnd,339
LeftMoveStart,359
LeftMoveStart,373
JumpStart,385
JumpEnd,401
JumpStart,407
LeftMoveEnd,409
RightMoveStart,418
RightMoveEnd,419
JumpEnd,423
LeftMoveEnd,441
LeftMoveStart,446
JumpStart,461
RightMoveStart,462
JumpEnd,473
LeftMoveEnd,475
LeftMoveStart,494
StompKillGoomba,505
RightMoveStart,514
LeftMoveEnd,534
RightMoveEnd,537
LeftMoveStart,540
RightMoveEnd,547
RightMoveStart,557
LeftMoveEnd,561
StompKillGoomba,564
JumpStart,571
RightMoveEnd,579
JumpEnd,587
JumpStart,596
StompKillGreenKoopa,598
LeftMoveEnd,602
StompKillGreenKoopa,606
JumpEnd,607
RightMoveEnd,613
UnleashShell,616
UnleashShell,616
JumpStart,632
JumpEnd,645
JumpStart,646
LittleStateStart,647
JumpEnd,660
RightMoveStart,738
StompKillGreenKoopa,810
UnleashShell,820
UnleashShell,838
ShellKillGreenKoopa,850
ShellKillGreenKoopa,853
StompKillGreenKoopa,985
UnleashShell,995
ShellKillGreenKoopa,996
StartLevel,1031
RightMoveStart,1055
LeftMoveStart,1100
LittleStateEnd,1276
RightMoveEnd,1343
LeftMoveEnd,1601
StompKillGoomba,1696
JumpStart,1699
JumpEnd,1711
JumpStart,1725
LittleStateStart,1732
StartLevel,1732
JumpEnd,1737
RightMoveStart,1737
RightMoveStart,1769
RightMoveStart,1771
JumpStart,1772
RightMoveStart,1773
RightMoveEnd,1774
RightMoveEnd,1776
JumpStart,1785
RightMoveStart,1785
JumpEnd,1788
LittleStateEnd,1789
JumpEnd,1801
RightMoveEnd,1802
JumpStart,1814
JumpEnd,1827
JumpStart,1843
RightMoveStart,1843
RightMoveStart,1845
JumpEnd,1857
RightMoveEnd,1868
RightMoveStart,1877
RightMoveStart,1879
JumpStart,1880
RightMoveStart,1881
RightMoveEnd,1882
RightMoveStart,1883
RightMoveEnd,1884
LeftMoveStart,1898
RightMoveEnd,1899
RightMoveEnd,1902
JumpEnd,1905
RightMoveStart,1906
RightMoveEnd,1910
JumpStart,1911
JumpEnd,1927
JumpStart,1960
RightMoveStart,1974
JumpEnd,1976
LeftMoveStart,1979
RightMoveStart,1988
JumpStart,1991
RightMoveEnd,1996
RightMoveStart,1999
JumpEnd,2003
JumpStart,2008
RightMoveEnd,2011
JumpEnd,2020
JumpStart,2020
RightMoveEnd,2043
JumpEnd,2044
JumpStart,2047
RightMoveStart,2050
RightMoveEnd,2053
JumpEnd,2060
LeftMoveEnd,2068
RightMoveStart,2096
DieByGreenKoopa,2106
RightMoveEnd,2117
LeftMoveStart,2119
RightMoveStart,2124
JumpStart,2164
RightMoveEnd,2164
JumpEnd,2180
RightMoveStart,2188
RightMoveStart,2190
JumpStart,2192
RightMoveStart,2192
RightMoveEnd,2193
RightMoveStart,2194
RightMoveEnd,2195
RightMoveStart,2196
RightMoveEnd,2197
JumpEnd,2205
RightMoveEnd,2215
RightMoveEnd,2238
RightMoveStart,2239
JumpStart,2240
RightMoveEnd,2253
LeftMoveStart,2254
LeftMoveEnd,2261
JumpEnd,2265
RightMoveStart,2265
JumpStart,2281
RightMoveStart,2282
RightMoveStart,2284
JumpEnd,2293
RightMoveEnd,2296
JumpStart,2298
RightMoveEnd,2300
RightMoveEnd,2307
LeftMoveStart,2322
RightMoveEnd,2323
JumpEnd,2324
JumpStart,2334
RightMoveStart,2335
JumpEnd,2376
RightMoveStart,2376
JumpStart,2395
RightMoveStart,2396
RightMoveStart,2398
LeftMoveEnd,2399
LeftMoveEnd,2402
RightMoveEnd,2408
JumpEnd,2410
RightMoveStart,2411
RightMoveEnd,2412
RightMoveStart,2413
RightMoveStart,2415
JumpStart,2416
RightMoveEnd,2416
RightMoveEnd,2417
RightMoveStart,2417
RightMoveEnd,2418
RightMoveStart,2419
RightMoveEnd,2420
RightMoveEnd,2425
JumpEnd,2430
RightMoveEnd,2436
LeftMoveStart,2444
RightMoveEnd,2445
JumpStart,2469
JumpEnd,2471
JumpStart,2481
JumpEnd,2483
RightMoveStart,2488
LeftMoveStart,2533
RightMoveStart,2543
JumpStart,2546
LeftMoveStart,2563
LeftMoveEnd,2578
RightMoveStart,2582
JumpEnd,2598
RightMoveEnd,2601
LeftMoveEnd,2611
RightMoveStart,2616
RightMoveEnd,2617
LeftMoveEnd,2631
RightMoveEnd,2634
LeftMoveStart,2670
RightMoveEnd,2703
RightMoveStart,2713
LittleStateEnd,2745
LeftMoveEnd,2819
RightMoveEnd,2833
RightMoveEnd,2948
DieByGreenKoopa,3709
LostLevel,3710
