Event,Time
LittleStateStart,0
StartLevel,0
StompKillGoomba,71
RightMoveStart,73
RightMoveStart,91
BlockPowerDestroy,102
JumpStart,112
BlockCoinDestroy,128
JumpEnd,128
RightMoveEnd,133
JumpStart,143
BlockPowerDestroy,145
JumpEnd,151
JumpStart,160
JumpEnd,168
JumpStart,172
RightMoveEnd,176
RightMoveStart,184
JumpEnd,185
RightMoveStart,186
RightMoveStart,188
JumpStart,189
RightMoveEnd,189
RightMoveStart,190
RightMoveEnd,191
RightMoveStart,192
RightMoveEnd,193
RightMoveEnd,201
JumpEnd,203
JumpStart,224
RightMoveStart,227
RightMoveEnd,228
JumpEnd,236
StompKillGoomba,239
JumpStart,240
JumpEnd,259
LittleStateEnd,260
RightMoveEnd,263
LittleStateStart,278
RightMoveEnd,278
StartLevel,278
RightMoveStart,296
RightMoveEnd,329
StompKillGoomba,336
StompKillGoomba,354
RightMoveStart,356
JumpStart,357
JumpEnd,373
DieByGoomba,388
JumpStart,426
RightMoveStart,429
JumpEnd,438
JumpStart,448
JumpEnd,466
JumpStart,476
RightMoveStart,479
RightMoveStart,481
JumpEnd,486
RightMoveEnd,488
RightMoveEnd,510
StompKillGoomba,518
JumpStart,519
RightMoveStart,520
RightMoveEnd,530
JumpEnd,545
BlockCoinDestroy,546
RightMoveStart,547
RightMoveStart,549
RightMoveEnd,551
RightMoveEnd,552
JumpStart,554
RightMoveStart,555
RightMoveStart,557
RightMoveStart,559
RightMoveEnd,560
RightMoveStart,561
RightMoveEnd,562
RightMoveEnd,562
JumpEnd,564
RightMoveEnd,575
RightMoveEnd,585
RightMoveEnd,585
BlockPowerDestroy,588
LeftMoveEnd,594
JumpStart,612
RightMoveStart,613
BlockCoinDestroy,616
BlockCoinDestroy,640
LeftMoveStart,640
JumpEnd,642
LittleStateStart,644
RightMoveStart,662
RightMoveStart,673
BlockCoinDestroy,674
RightMoveEnd,691
StompKillGoomba,704
StompKillGoomba,708
JumpStart,709
RightMoveStart,712
JumpEnd,725
BlockCoinDestroy,732
JumpStart,743
RightMoveEnd,746
RightMoveStart,747
RightMoveStart,749
RightMoveStart,751
RightMoveEnd,752
JumpEnd,753
RightMoveEnd,753
StartLevel,754
RightMoveEnd,783
RightMoveEnd,785
BlockCoinDestroy,808
JumpStart,809
JumpEnd,825
JumpStart,843
JumpEnd,851
LeftMoveStart,857
RightMoveEnd,858
LeftMoveStart,863
BlockCoinDestroy,875
JumpStart,881
JumpEnd,889
RightMoveStart,898
LeftMoveEnd,899
BlockCoinDestroy,919
RightMoveStart,920
LargeStateStart,930
LittleStateEnd,930
JumpStart,970
JumpEnd,986
JumpStart,989
RightMoveStart,997
RightMoveStart,999
JumpEnd,1006
StompKillGoomba,1013
RightMoveEnd,1018
StompKillGoomba,1022
JumpStart,1026
JumpEnd,1032
LargeStateEnd,1033
LittleStateStart,1033
LeftMoveEnd,1043
StompKillGoomba,1052
StompKillGoomba,1061
RightMoveEnd,1065
StompKillGoomba,1071
RightMoveEnd,1075
RightMoveEnd,1075
LeftMoveEnd,1076
RightMoveStart,1076
JumpStart,1101
JumpEnd,1109
LeftMoveStart,1115
RightMoveStart,1131
JumpStart,1138
LeftMoveStart,1146
JumpEnd,1154
LeftMoveStart,1163
JumpStart,1168
JumpEnd,1176
RightMoveStart,1180
LeftMoveEnd,1181
RightMoveEnd,1184
RightMoveEnd,1195
LeftMoveEnd,1196
JumpStart,1212
JumpEnd,1220
RightMoveStart,1226
LeftMoveStart,1259
LittleStateEnd,1270
RightMoveEnd,1272
RightMoveStart,1292
JumpStart,1296
RightMoveEnd,1304
JumpEnd,1328
JumpStart,1333
JumpEnd,1377
LeftMoveEnd,1382
RightMoveEnd,1382
RightMoveStart,1382
LeftMoveEnd,1387
JumpStart,1433
RightMoveStart,1445
RightMoveStart,1447
JumpEnd,1449
RightMoveEnd,1451
JumpStart,1458
JumpEnd,1466
RightMoveStart,1467
JumpStart,1487
LeftMoveStart,1494
JumpEnd,1503
RightMoveEnd,1509
RightMoveEnd,1513
RightMoveStart,1513
JumpStart,1522
RightMoveEnd,1534
JumpEnd,1537
RightMoveStart,1539
JumpStart,1545
RightMoveStart,1547
JumpEnd,1557
LeftMoveStart,1562
RightMoveEnd,1566
JumpStart,1567
RightMoveEnd,1567
RightMoveEnd,1584
JumpEnd,1586
RightMoveStart,1594
JumpStart,1598
JumpEnd,1613
JumpStart,1618
RightMoveStart,1619
RightMoveStart,1621
JumpEnd,1630
RightMoveStart,1636
RightMoveEnd,1637
RightMoveStart,1638
LeftMoveStart,1640
RightMoveEnd,1641
RightMoveEnd,1645
JumpStart,1646
RightMoveEnd,1652
LeftMoveEnd,1661
RightMoveEnd,1663
JumpEnd,1664
JumpStart,1678
RightMoveStart,1681
RightMoveStart,1691
RightMoveStart,1693
JumpEnd,1694
RightMoveEnd,1702
LeftMoveStart,1707
RightMoveEnd,1708
LittleStateStart,1719
StartLevel,1719
JumpStart,1731
RightMoveEnd,1733
RightMoveStart,1735
RightMoveStart,1743
RightMoveStart,1745
JumpEnd,1747
LeftMoveEnd,1747
RightMoveEnd,1752
LeftMoveEnd,1758
JumpStart,1765
RightMoveStart,1772
JumpEnd,1777
JumpStart,1784
RightMoveEnd,1784
RightMoveStart,1785
RightMoveEnd,1786
RightMoveStart,1787
LeftMoveEnd,1790
JumpStart,1795
JumpEnd,1796
RightMoveEnd,1802
RightMoveStart,1805
JumpStart,1807
JumpEnd,1818
JumpEnd,1824
RightMoveEnd,1826
JumpStart,1836
JumpEnd,1844
JumpStart,1848
JumpStart,1852
JumpEnd,1856
JumpEnd,1862
JumpStart,1869
RightMoveStart,1869
LeftMoveStart,1870
RightMoveStart,1871
RightMoveEnd,1875
JumpEnd,1878
JumpStart,1886
RightMoveEnd,1886
LargeStateStart,1887
LittleStateEnd,1887
JumpStart,1892
JumpEnd,1910
JumpEnd,1915
RightMoveStart,1919
JumpStart,1922
JumpStart,1926
JumpEnd,1932
RightMoveEnd,1934
JumpEnd,1939
JumpStart,1957
JumpEnd,1969
JumpStart,1969
JumpEnd,1977
LittleStateEnd,1979
LeftMoveStart,1980
RightMoveStart,2019
JumpStart,2031
JumpEnd,2050
JumpStart,2060
RightMoveStart,2062
RightMoveStart,2064
RightMoveStart,2066
RightMoveEnd,2067
RightMoveStart,2068
RightMoveEnd,2069
JumpEnd,2070
RightMoveEnd,2106
JumpStart,2114
LeftMoveEnd,2116
RightMoveStart,2121
RightMoveEnd,2122
JumpEnd,2124
RightMoveEnd,2126
RightMoveEnd,2150
JumpStart,2167
JumpEnd,2183
JumpStart,2223
JumpEnd,2239
JumpStart,2243
RightMoveStart,2252
RightMoveStart,2254
JumpEnd,2261
JumpStart,2281
JumpEnd,2287
LargeStateEnd,2288
LittleStateStart,2288
RightMoveEnd,2304
JumpStart,2350
LeftMoveStart,2357
JumpEnd,2358
RightMoveEnd,2358
JumpStart,2374
JumpEnd,2382
RightMoveEnd,2384
JumpStart,2408
JumpEnd,2416
JumpStart,2438
JumpEnd,2455
LittleStateEnd,2455
LeftMoveEnd,2762
DieByGoomba,3088
DieByGoomba,3947
LostLevel,3948
