Event,Time
LittleStateStart,0
StartLevel,0
BlockCoinDestroy,59
BlockCoinDestroy,73
StompKillGreenKoopa,104
StompKillGoomba,114
BlockCoinDestroy,131
BlockCoinDestroy,159
StompKillGreenKoopa,161
JumpStart,174
JumpEnd,182
JumpStart,190
JumpEnd,199
JumpStart,210
JumpEnd,224
LittleStateEnd,230
DieByGoomba,247
LittleStateStart,248
StartLevel,248
RightMoveStart,249
RightMoveEnd,269
RightMoveStart,285
JumpStart,336
JumpEnd,344
JumpStart,351
JumpEnd,360
RightMoveEnd,394
JumpStart,413
RightMoveStart,419
RightMoveEnd,426
JumpEnd,438
RightMoveStart,445
JumpStart,466
CollectCoin,467
JumpEnd,482
RightMoveStart,491
RightMoveEnd,515
JumpStart,521
RightMoveStart,527
RightMoveStart,529
JumpEnd,531
CollectCoin,543
CollectCoin,547
RightMoveEnd,564
JumpStart,567
RightMoveEnd,572
RightMoveEnd,573
JumpEnd,576
JumpStart,625
JumpEnd,635
RightMoveEnd,641
JumpStart,660
BlockCoinDestroy,661
JumpEnd,672
RightMoveStart,676
RightMoveEnd,677
JumpStart,678
RightMoveStart,678
RightMoveStart,680
RightMoveEnd,681
JumpEnd,689
LeftMoveStart,704
RightMoveEnd,705
RightMoveStart,728
RightMoveStart,732
RightMoveStart,734
RightMoveEnd,737
RightMoveEnd,737
LeftMoveEnd,738
JumpStart,746
RightMoveStart,747
RightMoveStart,749
JumpEnd,760
RightMoveEnd,761
JumpStart,763
BlockCoinDestroy,765
RightMoveStart,765
RightMoveEnd,766
RightMoveStart,767
JumpEnd,775
RightMoveEnd,779
RightMoveEnd,782
LeftMoveStart,787
RightMoveEnd,788
RightMoveStart,796
JumpStart,801
JumpEnd,817
RightMoveEnd,824
LittleStateStart,859
RightMoveStart,859
JumpStart,860
RightMoveStart,861
RightMoveStart,863
RightMoveEnd,864
RightMoveEnd,867
JumpEnd,869
RightMoveStart,870
LeftMoveEnd,875
RightMoveStart,878
RightMoveEnd,887
JumpStart,910
RightMoveEnd,923
JumpEnd,926
RightMoveEnd,950
LeftMoveStart,954
RightMoveStart,966
JumpStart,974
RightMoveStart,975
RightMoveStart,977
RightMoveStart,979
RightMoveEnd,980
RightMoveStart,981
RightMoveEnd,982
JumpEnd,984
RightMoveEnd,985
JumpStart,1028
JumpEnd,1036
LeftMoveStart,1037
RightMoveEnd,1038
RightMoveStart,1046
LeftMoveStart,1051
RightMoveEnd,1070
RightMoveStart,1093
LeftMoveEnd,1100
RightMoveEnd,1115
LeftMoveEnd,1128
LeftMoveEnd,1132
StartLevel,1161
RightMoveStart,1162
JumpStart,1166
JumpEnd,1180
LeftMoveStart,1181
RightMoveEnd,1183
JumpStart,1189
LeftMoveEnd,1200
JumpEnd,1207
RightMoveStart,1224
RightMoveEnd,1249
RightMoveStart,1258
JumpStart,1265
JumpEnd,1277
RightMoveStart,1278
RightMoveStart,1280
JumpStart,1281
RightMoveStart,1282
RightMoveEnd,1283
RightMoveStart,1284
RightMoveEnd,1285
JumpEnd,1299
RightMoveEnd,1299
RightMoveEnd,1304
RightMoveEnd,1311
RightMoveEnd,1316
RightMoveStart,1326
LeftMoveEnd,1334
RightMoveEnd,1421
RightMoveStart,1426
LeftMoveStart,1455
RightMoveStart,1497
JumpStart,1503
RightMoveStart,1511
JumpEnd,1513
RightMoveEnd,1553
JumpStart,1554
RightMoveStart,1555
RightMoveStart,1557
RightMoveStart,1559
RightMoveEnd,1560
LittleStateStart,1561
StartLevel,1561
JumpEnd,1566
RightMoveEnd,1568
RightMoveEnd,1581
RightMoveStart,1585
RightMoveEnd,1600
RightMoveEnd,1602
RightMoveStart,1604
JumpStart,1610
JumpEnd,1620
JumpStart,1635
JumpStart,1642
JumpEnd,1643
RightMoveStart,1644
RightMoveStart,1646
JumpStart,1650
JumpEnd,1654
JumpEnd,1666
JumpStart,1673
RightMoveEnd,1685
RightMoveEnd,1688
LittleStateEnd,1700
JumpEnd,1703
JumpStart,1707
JumpEnd,1715
JumpStart,1718
RightMoveStart,1725
RightMoveEnd,1726
JumpEnd,1728
JumpStart,1737
LeftMoveEnd,1747
LeftMoveStart,1747
JumpEnd,1751
LittleStateEnd,1791
JumpStart,1797
JumpEnd,1813
RightMoveEnd,1820
JumpStart,1836
JumpEnd,1848
RightMoveStart,1848
RightMoveStart,1850
RightMoveStart,1852
RightMoveEnd,1853
RightMoveStart,1854
RightMoveEnd,1855
RightMoveStart,1856
RightMoveEnd,1857
RightMoveStart,1858
JumpStart,1859
RightMoveEnd,1859
RightMoveStart,1860
RightMoveEnd,1861
RightMoveStart,1862
RightMoveEnd,1863
JumpEnd,1871
JumpStart,1874
RightMoveStart,1875
RightMoveEnd,1876
RightMoveStart,1877
JumpEnd,1884
RightMoveEnd,1889
LeftMoveStart,1897
RightMoveEnd,1898
RightMoveStart,1995
LeftMoveStart,2018
RightMoveStart,2033
JumpStart,2036
LeftMoveEnd,2049
JumpEnd,2052
RightMoveStart,2096
RightMoveStart,2098
RightMoveEnd,2101
RightMoveEnd,2112
RightMoveEnd,2115
JumpStart,2128
RightMoveStart,2132
RightMoveEnd,2133
LeftMoveEnd,2140
JumpEnd,2142
JumpStart,2155
RightMoveEnd,2160
JumpEnd,2171
JumpStart,2188
RightMoveStart,2190
RightMoveStart,2192
RightMoveStart,2194
RightMoveEnd,2195
RightMoveStart,2196
RightMoveEnd,2197
JumpEnd,2198
RightMoveEnd,2221
JumpStart,2237
JumpEnd,2245
RightMoveEnd,2249
JumpStart,2272
RightMoveStart,2274
RightMoveEnd,2275
RightMoveStart,2276
JumpEnd,2282
JumpStart,2282
JumpStart,2285
RightMoveStart,2289
RightMoveEnd,2290
JumpEnd,2303
JumpEnd,2304
RightMoveEnd,2353
LeftMoveStart,2354
RightMoveEnd,2366
LeftMoveStart,2369
LeftMoveEnd,2402
RightMoveStart,2407
JumpStart,2414
JumpEnd,2424
JumpStart,2466
RightMoveStart,2466
RightMoveStart,2468
RightMoveStart,2470
RightMoveEnd,2471
JumpEnd,2478
LeftMoveStart,2507
RightMoveEnd,2508
RightMoveStart,2515
JumpStart,2522
RightMoveEnd,2526
JumpEnd,2532
JumpStart,2554
RightMoveStart,2556
RightMoveStart,2558
JumpEnd,2566
RightMoveEnd,2583
RightMoveEnd,2598
RightMoveEnd,2600
JumpStart,2631
RightMoveStart,2635
RightMoveEnd,2636
RightMoveStart,2637
RightMoveStart,2639
RightMoveEnd,2640
JumpEnd,2641
LeftMoveEnd,2652
RightMoveEnd,2654
LeftMoveStart,2656
LeftMoveEnd,2692
LittleStateEnd,2704
RightMoveEnd,2713
LeftMoveEnd,2814
JumpStart,3082
DeathByGap,3104
JumpEnd,3104
DeathByGap,4535
LostLevel,4536
