Event,Time
LittleStateStart,0
StartLevel,0
StompKillGoomba,19
RightMoveStart,58
RightMoveStart,89
JumpStart,90
BlockCoinDestroy,103
JumpEnd,106
JumpStart,112
RightMoveEnd,119
JumpEnd,129
JumpStart,132
RightMoveStart,134
JumpEnd,147
RightMoveEnd,155
JumpStart,157
RightMoveStart,162
RightMoveEnd,164
RightMoveStart,164
JumpEnd,167
RightMoveEnd,172
RightMoveEnd,175
JumpStart,179
RightMoveEnd,191
JumpEnd,195
JumpStart,199
RightMoveEnd,206
JumpEnd,219
LittleStateEnd,231
LittleStateStart,249
StartLevel,249
RightMoveStart,269
DeathByGap,284
BlockCoinDestroy,303
BlockCoinDestroy,308
JumpStart,315
RightMoveStart,317
RightMoveStart,319
JumpEnd,327
JumpStart,333
JumpEnd,347
RightMoveStart,356
RightMoveEnd,357
RightMoveEnd,366
JumpStart,367
JumpEnd,375
JumpStart,383
BlockCoinDestroy,385
RightMoveStart,390
JumpEnd,392
BlockCoinDestroy,399
RightMoveStart,405
JumpStart,407
RightMoveStart,413
BlockCoinDestroy,415
RightMoveStart,415
JumpEnd,417
RightMoveEnd,422
RightMoveEnd,426
RightMoveEnd,426
RightMoveEnd,427
BlockCoinDestroy,442
RightMoveStart,451
RightMoveEnd,452
BlockCoinDestroy,453
RightMoveStart,453
BlockCoinDestroy,456
JumpStart,470
JumpEnd,480
RightMoveStart,486
RightMoveEnd,487
RightMoveEnd,488
RightMoveStart,488
RightMoveEnd,491
RightMoveStart,496
StartLevel,506
JumpStart,520
RightMoveEnd,520
RightMoveStart,525
RightMoveStart,527
JumpEnd,530
RightMoveEnd,532
JumpStart,543
BlockCoinDestroy,545
RightMoveEnd,555
RightMoveStart,556
RightMoveEnd,557
JumpEnd,563
RightMoveStart,566
JumpStart,567
JumpEnd,575
JumpStart,585
RightMoveEnd,586
JumpEnd,597
RightMoveStart,604
LittleStateStart,610
RightMoveStart,611
RightMoveEnd,613
JumpStart,624
RightMoveStart,630
RightMoveStart,632
JumpEnd,633
RightMoveEnd,646
JumpStart,656
RightMoveEnd,657
RightMoveStart,661
RightMoveStart,663
RightMoveStart,665
RightMoveEnd,666
RightMoveEnd,667
RightMoveEnd,668
RightMoveStart,670
JumpEnd,671
JumpStart,679
JumpEnd,687
RightMoveStart,688
RightMoveEnd,691
RightMoveEnd,691
JumpStart,705
JumpEnd,714
JumpStart,720
JumpEnd,728
JumpStart,737
RightMoveStart,739
JumpEnd,751
RightMoveEnd,755
JumpStart,756
RightMoveEnd,756
RightMoveStart,756
RightMoveStart,758
LittleStateStart,765
StartLevel,765
JumpEnd,773
RightMoveEnd,774
JumpStart,785
JumpEnd,793
RightMoveStart,796
JumpStart,797
LeftMoveStart,799
RightMoveEnd,800
RightMoveEnd,802
JumpStart,809
JumpEnd,817
JumpEnd,820
RightMoveStart,821
JumpStart,831
RightMoveStart,831
JumpStart,833
RightMoveStart,833
RightMoveStart,835
RightMoveEnd,836
JumpEnd,843
JumpEnd,849
JumpStart,853
RightMoveStart,856
RightMoveEnd,857
RightMoveStart,858
RightMoveStart,860
RightMoveEnd,861
RightMoveEnd,863
JumpStart,865
RightMoveStart,865
RightMoveEnd,867
RightMoveStart,867
JumpEnd,869
RightMoveEnd,871
JumpStart,873
RightMoveEnd,878
JumpEnd,879
RightMoveEnd,881
JumpStart,882
RightMoveStart,883
RightMoveStart,885
JumpEnd,889
JumpStart,893
RightMoveStart,895
JumpEnd,897
RightMoveStart,897
RightMoveStart,899
RightMoveEnd,900
RightMoveEnd,900
RightMoveStart,901
RightMoveEnd,902
JumpEnd,903
RightMoveStart,908
RightMoveEnd,909
RightMoveStart,910
JumpStart,915
JumpStart,930
JumpEnd,931
RightMoveEnd,932
RightMoveStart,933
RightMoveEnd,934
RightMoveStart,935
RightMoveStart,937
RightMoveEnd,938
JumpEnd,940
RightMoveEnd,943
RightMoveStart,944
JumpStart,948
RightMoveStart,950
RightMoveEnd,951
RightMoveStart,952
RightMoveEnd,954
RightMoveStart,954
RightMoveEnd,955
RightMoveStart,956
RightMoveEnd,957
RightMoveEnd,957
RightMoveStart,958
JumpStart,959
RightMoveEnd,959
RightMoveStart,960
RightMoveEnd,961
RightMoveStart,962
RightMoveEnd,963
JumpEnd,964
RightMoveEnd,964
RightMoveStart,964
RightMoveEnd,965
RightMoveStart,966
RightMoveEnd,967
JumpEnd,969
RightMoveEnd,970
JumpStart,977
RightMoveStart,980
RightMoveStart,982
RightMoveEnd,983
RightMoveStart,984
RightMoveStart,986
RightMoveEnd,987
RightMoveStart,988
RightMoveEnd,989
RightMoveStart,989
RightMoveStart,990
RightMoveEnd,991
RightMoveStart,991
JumpEnd,992
RightMoveEnd,994
LittleStateEnd,996
RightMoveEnd,999
RightMoveEnd,999
RightMoveEnd,1005
JumpStart,1007
RightMoveStart,1012
RightMoveEnd,1013
RightMoveStart,1014
JumpEnd,1017
RightMoveEnd,1024
RightMoveEnd,1035
RightMoveStart,1037
RightMoveEnd,1038
JumpStart,1058
RightMoveStart,1060
RightMoveStart,1062
RightMoveStart,1064
RightMoveEnd,1065
RightMoveStart,1066
RightMoveEnd,1067
JumpEnd,1068
RightMoveEnd,1082
RightMoveEnd,1084
JumpStart,1088
JumpEnd,1096
JumpStart,1109
RightMoveStart,1110
RightMoveEnd,1111
RightMoveStart,1112
RightMoveStart,1114
RightMoveEnd,1115
JumpEnd,1121
RightMoveStart,1127
RightMoveEnd,1128
JumpStart,1144
RightMoveStart,1150
RightMoveStart,1152
RightMoveStart,1154
RightMoveEnd,1155
RightMoveEnd,1155
RightMoveStart,1156
RightMoveEnd,1157
JumpEnd,1158
RightMoveEnd,1162
JumpStart,1165
JumpEnd,1173
RightMoveEnd,1174
JumpStart,1179
JumpEnd,1187
RightMoveStart,1188
RightMoveEnd,1189
RightMoveStart,1190
RightMoveStart,1192
RightMoveEnd,1193
RightMoveStart,1194
RightMoveEnd,1195
RightMoveStart,1196
JumpStart,1197
RightMoveEnd,1197
RightMoveStart,1198
RightMoveEnd,1199
RightMoveStart,1200
RightMoveEnd,1201
LittleStateEnd,1202
JumpEnd,1211
JumpStart,1213
RightMoveStart,1213
RightMoveEnd,1214
RightMoveEnd,1221
RightMoveEnd,1227
JumpEnd,1228
JumpStart,1234
JumpEnd,1241
LittleStateEnd,1253
LeftMoveEnd,1384
JumpStart,1495
JumpEnd,1512
DeathByGap,1704
DeathByGap,2286
LostLevel,2287
