Event,Time
LittleStateStart,0
StartLevel,0
JumpStart,122
JumpEnd,134
StompKillGoomba,137
JumpStart,140
RightMoveStart,142
JumpEnd,165
RightMoveStart,259
BlockCoinDestroy,276
JumpStart,291
BlockPowerDestroy,295
JumpEnd,299
BlockCoinDestroy,307
JumpStart,310
JumpEnd,318
JumpStart,322
RightMoveEnd,326
JumpEnd,330
JumpStart,344
LeftMoveStart,349
LargeStateStart,352
LittleStateEnd,352
JumpEnd,378
LeftMoveStart,378
RightMoveStart,385
JumpStart,390
LeftMoveStart,392
JumpEnd,396
RightMoveStart,407
LeftMoveEnd,413
JumpStart,420
LeftMoveEnd,420
LeftMoveStart,425
JumpEnd,436
LeftMoveStart,436
RightMoveStart,442
RightMoveEnd,446
JumpStart,447
LeftMoveEnd,449
LeftMoveStart,452
JumpEnd,463
LeftMoveStart,463
RightMoveEnd,465
LeftMoveEnd,466
RightMoveStart,473
LeftMoveEnd,474
LeftMoveEnd,476
JumpStart,478
LeftMoveStart,486
RightMoveEnd,486
JumpEnd,494
RightMoveStart,499
LeftMoveStart,507
JumpStart,514
LeftMoveEnd,516
RightMoveEnd,516
RightMoveEnd,517
JumpEnd,530
LeftMoveEnd,530
RightMoveEnd,532
JumpStart,534
LeftMoveStart,536
BlockCoinDestroy,537
LeftMoveStart,542
JumpEnd,544
JumpStart,553
JumpEnd,559
RightMoveStart,563
LeftMoveEnd,566
JumpStart,567
LeftMoveEnd,569
JumpEnd,585
RunStateStart,591
RunStateEnd,595
RunStateStart,612
RunStateEnd,621
JumpStart,625
RightMoveStart,633
JumpEnd,637
JumpStart,643
StompKillGoomba,644
RightMoveStart,666
RightMoveStart,668
RightMoveStart,670
RightMoveEnd,671
RightMoveStart,672
RightMoveEnd,673
RightMoveStart,674
JumpEnd,675
RightMoveEnd,675
RightMoveEnd,677
JumpStart,679
RightMoveEnd,686
RightMoveStart,688
JumpEnd,689
RightMoveEnd,700
JumpStart,722
RightMoveStart,729
JumpEnd,732
RightMoveEnd,735
LeftMoveEnd,740
RightMoveEnd,742
JumpStart,766
JumpEnd,782
BlockPowerDestroy,783
JumpStart,799
JumpEnd,805
JumpStart,813
LeftMoveStart,818
JumpEnd,829
RightMoveStart,836
RightMoveStart,844
RightMoveEnd,858
JumpStart,859
LeftMoveStart,861
RightMoveEnd,861
JumpEnd,869
LargeStateEnd,869
RightMoveStart,900
RunStateStart,901
RunStateEnd,903
RunStateStart,918
RunStateEnd,921
RunStateStart,923
RunStateEnd,926
RunStateStart,928
RunStateEnd,931
JumpStart,942
LeftMoveEnd,942
RightMoveEnd,945
RightMoveStart,945
RightMoveStart,954
RightMoveStart,956
JumpEnd,958
RightMoveStart,958
RightMoveEnd,959
LeftMoveStart,964
RightMoveEnd,964
RightMoveEnd,965
RightMoveEnd,965
RightMoveStart,990
RightMoveEnd,998
RunStateStart,998
RightMoveStart,1000
JumpStart,1003
RightMoveStart,1011
JumpEnd,1013
FireKillGoomba,1014
RunStateEnd,1017
RightMoveEnd,1019
RightMoveEnd,1024
RunStateStart,1030
JumpStart,1033
RunStateEnd,1046
JumpEnd,1049
FireKillGreenKoopa,1050
JumpStart,1065
JumpEnd,1077
RunStateStart,1078
RunStateEnd,1081
RunStateStart,1084
RightMoveStart,1085
RightMoveEnd,1086
RunStateEnd,1086
RunStateStart,1089
BlockCoinDestroy,1091
LeftMoveEnd,1092
RunStateEnd,1092
RunStateStart,1094
RunStateEnd,1097
BlockCoinDestroy,1102
JumpStart,1107
LeftMoveEnd,1111
BlockCoinDestroy,1113
JumpEnd,1113
JumpStart,1118
JumpEnd,1124
JumpStart,1129
JumpEnd,1135
LeftMoveStart,1139
JumpStart,1146
JumpEnd,1156
BlockPowerDestroy,1172
JumpStart,1175
RightMoveStart,1183
JumpEnd,1185
JumpStart,1188
JumpEnd,1194
LeftMoveStart,1207
RightMoveEnd,1212
JumpStart,1216
RightMoveStart,1221
JumpEnd,1226
LeftMoveStart,1245
JumpStart,1246
JumpEnd,1266
RightMoveStart,1267
FireKillGoomba,1268
RunStateStart,1271
RightMoveEnd,1273
RunStateEnd,1274
RunStateStart,1276
RunStateEnd,1279
RunStateStart,1282
RunStateEnd,1285
FireKillGoomba,1288
LeftMoveEnd,1288
LeftMoveEnd,1297
JumpStart,1300
FireKillGoomba,1304
RightMoveEnd,1304
JumpEnd,1310
RunStateStart,1312
RunStateEnd,1316
RunStateStart,1320
RunStateEnd,1322
RunStateStart,1324
RunStateEnd,1327
RunStateStart,1331
FireKillGoomba,1332
RunStateEnd,1334
RunStateStart,1336
LeftMoveEnd,1338
RunStateEnd,1339
RunStateStart,1343
RunStateEnd,1346
RunStateStart,1348
RunStateEnd,1351
RunStateStart,1353
RunStateEnd,1356
RightMoveStart,1361
RightMoveEnd,1377
JumpStart,1382
JumpEnd,1392
JumpStart,1412
RightMoveStart,1412
RightMoveStart,1414
JumpEnd,1426
RightMoveStart,1427
JumpStart,1428
RightMoveEnd,1428
RightMoveStart,1429
RightMoveStart,1431
RightMoveEnd,1432
JumpEnd,1439
RightMoveEnd,1441
RightMoveStart,1451
RightMoveEnd,1452
RightMoveStart,1453
RightMoveStart,1455
RightMoveEnd,1456
RightMoveStart,1457
JumpStart,1458
RightMoveEnd,1458
RightMoveStart,1459
RightMoveEnd,1460
RightMoveStart,1461
RightMoveEnd,1462
RightMoveStart,1463
RightMoveEnd,1464
RightMoveEnd,1464
RightMoveStart,1465
RightMoveEnd,1466
JumpEnd,1468
RightMoveEnd,1472
JumpStart,1491
RightMoveEnd,1501
JumpEnd,1504
RightMoveEnd,1507
RightMoveStart,1510
RightMoveStart,1512
RightMoveStart,1514
RightMoveEnd,1515
RightMoveStart,1516
JumpStart,1517
RightMoveEnd,1517
RightMoveEnd,1519
RightMoveStart,1526
JumpEnd,1528
JumpStart,1538
RightMoveStart,1543
RightMoveEnd,1544
JumpEnd,1551
RightMoveEnd,1556
JumpStart,1560
JumpEnd,1576
JumpStart,1595
RightMoveStart,1598
FireKillGoomba,1602
JumpEnd,1607
RunStateStart,1612
RightMoveEnd,1614
RunStateEnd,1614
RunStateStart,1616
RunStateEnd,1619
RunStateStart,1623
RunStateEnd,1626
RunStateStart,1628
RunStateEnd,1631
FireKillGoomba,1632
RunStateStart,1645
RunStateEnd,1649
RightMoveStart,1662
JumpStart,1669
JumpEnd,1675
JumpStart,1678
JumpEnd,1684
RightMoveEnd,1685
JumpStart,1704
JumpEnd,1719
JumpStart,1720
RightMoveStart,1721
RightMoveStart,1723
JumpEnd,1733
JumpStart,1735
RightMoveStart,1736
RightMoveEnd,1737
RightMoveStart,1738
JumpEnd,1747
JumpStart,1750
RightMoveEnd,1750
RightMoveStart,1751
RightMoveEnd,1752
RightMoveStart,1753
JumpEnd,1762
RightMoveEnd,1765
RightMoveStart,1766
RightMoveEnd,1767
RightMoveStart,1768
JumpStart,1770
RightMoveStart,1770
RightMoveEnd,1771
RightMoveStart,1772
RightMoveEnd,1773
RightMoveEnd,1780
RightMoveEnd,1781
JumpEnd,1782
LeftMoveStart,1784
RightMoveEnd,1784
RightMoveEnd,1785
RightMoveStart,1795
JumpStart,1801
JumpEnd,1825
JumpStart,1827
JumpEnd,1838
RightMoveEnd,1852
LeftMoveEnd,2332
FireStateStart,2725
RightMoveStart,3686
FireStateEnd,3694
RightMoveEnd,3729
WonLevel,4735
