Event,Time
LittleStateStart,0
StartLevel,0
JumpStart,66
JumpEnd,80
LittleStateEnd,80
DieByGoomba,97
LittleStateStart,98
StartLevel,98
StompKillGoomba,160
BlockCoinDestroy,247
JumpStart,261
RightMoveStart,268
JumpEnd,286
RightMoveStart,288
BlockCoinDestroy,316
JumpStart,330
JumpEnd,344
RightMoveStart,346
RightMoveEnd,355
JumpStart,359
JumpEnd,368
BlockPowerDestroy,369
RightMoveStart,375
JumpStart,393
JumpEnd,401
LeftMoveStart,417
RightMoveEnd,423
JumpStart,429
JumpEnd,437
LeftMoveStart,440
RightMoveEnd,445
RightMoveStart,466
RightMoveEnd,468
RightMoveStart,478
JumpStart,482
LeftMoveEnd,488
JumpEnd,490
RightMoveEnd,492
RightMoveStart,504
LargeStateStart,540
LittleStateEnd,540
RightMoveEnd,562
LeftMoveStart,563
RightMoveEnd,566
JumpStart,582
JumpEnd,598
JumpStart,605
LeftMoveStart,617
JumpEnd,621
LeftMoveStart,621
LeftMoveEnd,627
RightMoveStart,634
JumpStart,647
LeftMoveStart,656
JumpEnd,663
LeftMoveEnd,674
JumpStart,677
JumpEnd,683
StompKillGoomba,687
JumpStart,692
LeftMoveStart,702
JumpEnd,708
LeftMoveEnd,708
LeftMoveStart,708
LeftMoveEnd,711
LeftMoveEnd,716
JumpStart,717
RightMoveStart,717
JumpEnd,733
JumpStart,737
RightMoveStart,737
RightMoveStart,739
RightMoveStart,741
RightMoveEnd,742
JumpEnd,751
LeftMoveEnd,753
LeftMoveEnd,755
RightMoveEnd,758
JumpStart,769
JumpEnd,781
RightMoveEnd,782
JumpStart,784
RightMoveStart,813
RightMoveEnd,814
RightMoveStart,815
JumpEnd,817
RightMoveStart,817
RightMoveEnd,818
RightMoveEnd,818
RightMoveEnd,820
JumpStart,822
RightMoveStart,824
RightMoveStart,826
RightMoveStart,828
RightMoveEnd,829
RightMoveStart,830
RightMoveEnd,831
JumpEnd,832
RightMoveEnd,832
JumpStart,839
JumpEnd,859
JumpStart,878
RightMoveStart,885
RightMoveEnd,886
RightMoveEnd,886
RightMoveStart,887
RightMoveStart,889
RightMoveEnd,890
RightMoveStart,891
JumpEnd,892
RightMoveEnd,892
JumpStart,893
RightMoveStart,893
RightMoveEnd,894
RightMoveEnd,896
RightMoveStart,901
JumpEnd,903
StompKillGoomba,909
JumpStart,912
JumpEnd,932
JumpStart,941
RightMoveEnd,941
JumpEnd,955
JumpStart,968
JumpEnd,974
JumpStart,996
BlockCoinDestroy,1002
JumpEnd,1008
JumpStart,1014
RightMoveStart,1024
JumpEnd,1031
RightMoveEnd,1031
JumpStart,1054
JumpEnd,1060
LargeStateEnd,1066
LittleStateStart,1066
JumpStart,1089
JumpEnd,1101
RightMoveStart,1105
JumpStart,1115
JumpEnd,1123
JumpStart,1137
RightMoveStart,1151
JumpEnd,1153
BlockPowerDestroy,1159
LeftMoveStart,1170
JumpStart,1182
RightMoveStart,1188
JumpEnd,1192
RightMoveEnd,1206
LeftMoveStart,1211
JumpStart,1218
RightMoveEnd,1223
RightMoveEnd,1224
LeftMoveStart,1225
JumpEnd,1234
JumpStart,1241
LeftMoveEnd,1243
RightMoveEnd,1247
LeftMoveStart,1250
JumpEnd,1251
LeftMoveEnd,1254
StompKillGoomba,1265
JumpStart,1272
StompKillGoomba,1274
JumpEnd,1280
RightMoveStart,1285
LeftMoveEnd,1291
LargeStateStart,1303
LittleStateEnd,1303
JumpStart,1343
JumpEnd,1349
LargeStateEnd,1355
JumpStart,1374
JumpEnd,1400
JumpStart,1415
JumpEnd,1424
RightMoveStart,1427
JumpStart,1428
RightMoveStart,1429
RightMoveStart,1431
RightMoveEnd,1432
JumpEnd,1439
RightMoveStart,1440
JumpStart,1441
RightMoveEnd,1441
RightMoveStart,1442
RightMoveStart,1444
RightMoveEnd,1445
RightMoveEnd,1450
JumpEnd,1452
RightMoveStart,1453
RightMoveEnd,1454
JumpStart,1455
RightMoveStart,1455
RightMoveStart,1457
RightMoveEnd,1458
RightMoveEnd,1463
JumpEnd,1464
RightMoveStart,1473
RightMoveEnd,1474
RightMoveStart,1475
RightMoveStart,1477
JumpStart,1478
RightMoveEnd,1478
RightMoveStart,1479
RightMoveEnd,1480
RightMoveStart,1481
RightMoveEnd,1482
RightMoveStart,1483
RightMoveEnd,1484
RightMoveStart,1485
RightMoveEnd,1486
JumpEnd,1488
RightMoveEnd,1490
StompKillGoomba,1495
StompKillGoomba,1502
JumpStart,1512
RightMoveEnd,1523
JumpEnd,1524
RightMoveEnd,1527
JumpStart,1532
RightMoveStart,1532
RightMoveStart,1534
JumpEnd,1541
RightMoveEnd,1545
RightMoveStart,1547
JumpStart,1553
JumpEnd,1570
RightMoveEnd,1570
RightMoveEnd,1580
JumpStart,1582
JumpEnd,1598
JumpStart,1604
JumpEnd,1631
JumpStart,1634
RightMoveStart,1637
JumpEnd,1643
LeftMoveEnd,1645
JumpStart,1647
RightMoveEnd,1649
JumpEnd,1659
JumpStart,1660
RightMoveStart,1663
JumpEnd,1671
RightMoveStart,1672
RightMoveStart,1674
RightMoveStart,1676
RightMoveEnd,1677
RightMoveStart,1678
JumpStart,1679
RightMoveEnd,1679
RightMoveStart,1680
RightMoveEnd,1681
RightMoveEnd,1682
RightMoveStart,1682
RightMoveEnd,1683
JumpEnd,1690
RightMoveStart,1691
JumpStart,1692
RightMoveEnd,1692
RightMoveStart,1693
RightMoveStart,1695
RightMoveEnd,1696
RightMoveEnd,1697
RightMoveEnd,1701
JumpEnd,1703
RightMoveStart,1704
JumpStart,1705
RightMoveEnd,1705
RightMoveStart,1706
RightMoveStart,1708
RightMoveEnd,1709
RightMoveEnd,1714
JumpEnd,1717
RightMoveStart,1746
RightMoveEnd,1747
RightMoveStart,1748
RightMoveStart,1750
RightMoveEnd,1751
RightMoveEnd,1752
RightMoveStart,1752
RightMoveEnd,1753
RightMoveStart,1754
RightMoveEnd,1755
RightMoveStart,1756
RightMoveEnd,1757
RightMoveStart,1758
RightMoveEnd,1759
RightMoveStart,1760
RightMoveEnd,1761
RightMoveStart,1762
JumpStart,1763
RightMoveEnd,1763
RightMoveStart,1764
RightMoveEnd,1765
RightMoveEnd,1767
JumpEnd,1774
RightMoveEnd,1785
LittleStateStart,2951
RightMoveStart,3362
LittleStateEnd,3370
RightMoveEnd,3372
WonLevel,4420
