Event,Time
LittleStateStart,0
StartLevel,0
RightMoveStart,33
JumpStart,91
JumpEnd,103
RightMoveStart,105
JumpStart,107
RightMoveStart,107
RightMoveStart,109
RightMoveEnd,110
JumpEnd,119
JumpStart,125
JumpEnd,145
RightMoveStart,145
RightMoveEnd,146
RightMoveEnd,154
RightMoveEnd,178
JumpStart,185
RightMoveStart,192
JumpEnd,195
RightMoveEnd,211
RightMoveEnd,227
JumpStart,233
JumpEnd,244
LittleStateEnd,248
RightMoveEnd,257
LittleStateStart,266
StartLevel,266
RightMoveEnd,282
RightMoveStart,299
JumpStart,358
JumpEnd,367
JumpStart,369
RightMoveStart,371
JumpEnd,380
JumpStart,401
JumpEnd,403
LeftMoveStart,417
BlockPowerDestroy,437
RightMoveStart,437
JumpStart,443
JumpEnd,445
LeftMoveStart,460
RightMoveStart,482
RightMoveEnd,488
JumpStart,491
RightMoveStart,496
JumpEnd,507
DieByGoomba,514
JumpEnd,514
JumpStart,514
LeftMoveStart,521
LeftMoveEnd,524
RightMoveEnd,525
RightMoveEnd,529
RightMoveEnd,532
RightMoveStart,536
JumpStart,542
RightMoveStart,546
JumpEnd,556
RightMoveStart,557
RightMoveStart,559
RightMoveEnd,562
RightMoveStart,562
RightMoveStart,564
RightMoveEnd,566
RightMoveEnd,566
RightMoveStart,566
RightMoveEnd,567
RightMoveEnd,569
RightMoveEnd,569
JumpStart,573
RightMoveStart,577
RightMoveEnd,578
JumpEnd,584
RightMoveStart,586
JumpStart,587
RightMoveStart,591
LeftMoveEnd,596
RightMoveEnd,596
RightMoveEnd,596
JumpEnd,598
JumpStart,603
LeftMoveEnd,604
RightMoveStart,607
RightMoveEnd,611
JumpEnd,613
JumpStart,615
RightMoveStart,616
RightMoveStart,618
JumpEnd,626
RightMoveEnd,626
JumpStart,631
RightMoveEnd,631
JumpEnd,655
LeftMoveStart,665
RightMoveEnd,666
RightMoveStart,693
JumpStart,694
RightMoveEnd,695
JumpEnd,706
RightMoveStart,709
JumpStart,711
RightMoveStart,711
RightMoveStart,713
RightMoveEnd,714
JumpEnd,722
RightMoveStart,722
RightMoveEnd,723
RightMoveStart,724
RightMoveEnd,726
RightMoveStart,726
RightMoveEnd,727
RightMoveStart,728
RightMoveEnd,729
JumpStart,730
RightMoveStart,730
RightMoveEnd,731
RightMoveEnd,732
RightMoveStart,732
RightMoveEnd,733
JumpEnd,741
RightMoveStart,741
JumpStart,742
RightMoveEnd,742
RightMoveStart,743
RightMoveStart,745
RightMoveEnd,746
LittleStateStart,750
StartLevel,750
RightMoveEnd,751
JumpEnd,754
RightMoveStart,754
JumpStart,755
RightMoveEnd,755
RightMoveStart,756
RightMoveStart,758
RightMoveEnd,759
RightMoveEnd,764
JumpEnd,765
RightMoveStart,767
JumpStart,768
RightMoveEnd,768
RightMoveStart,769
RightMoveStart,771
RightMoveEnd,772
JumpEnd,777
RightMoveEnd,777
RightMoveStart,782
JumpStart,783
RightMoveEnd,783
JumpEnd,804
JumpStart,806
RightMoveStart,806
RightMoveEnd,807
RightMoveStart,808
RightMoveStart,817
JumpEnd,818
RightMoveEnd,818
RightMoveStart,819
RightMoveStart,821
RightMoveEnd,822
RightMoveStart,823
RightMoveEnd,824
RightMoveStart,825
RightMoveEnd,826
RightMoveEnd,827
RightMoveStart,827
RightMoveEnd,828
JumpStart,829
LeftMoveEnd,829
RightMoveStart,829
RightMoveEnd,830
RightMoveStart,831
RightMoveEnd,832
RightMoveStart,833
RightMoveEnd,834
JumpEnd,838
JumpStart,841
JumpStart,842
RightMoveEnd,842
RightMoveStart,842
RightMoveEnd,843
RightMoveStart,844
JumpEnd,852
JumpEnd,852
RightMoveEnd,852
JumpStart,853
RightMoveStart,854
JumpStart,855
RightMoveStart,856
JumpEnd,864
JumpEnd,877
RightMoveStart,879
RightMoveEnd,880
JumpStart,881
JumpStart,881
RightMoveStart,881
RightMoveStart,883
RightMoveEnd,884
RightMoveStart,885
RightMoveEnd,886
JumpEnd,890
JumpEnd,891
JumpStart,894
JumpStart,894
RightMoveStart,894
RightMoveStart,894
RightMoveEnd,895
RightMoveEnd,895
RightMoveStart,896
RightMoveEnd,904
JumpEnd,906
JumpEnd,906
JumpStart,910
RightMoveStart,912
RightMoveEnd,913
RightMoveStart,914
RightMoveEnd,915
LeftMoveEnd,916
RightMoveStart,916
RightMoveEnd,917
RightMoveStart,918
RightMoveEnd,919
RightMoveStart,920
RightMoveEnd,921
RightMoveStart,922
JumpEnd,923
RightMoveEnd,923
RightMoveStart,924
RightMoveEnd,925
RightMoveStart,926
JumpStart,927
RightMoveEnd,927
RightMoveEnd,927
RightMoveStart,928
RightMoveEnd,929
RightMoveEnd,929
RightMoveStart,930
RightMoveEnd,931
JumpStart,932
RightMoveStart,932
RightMoveEnd,933
RightMoveEnd,933
RightMoveStart,934
RightMoveEnd,935
RightMoveStart,936
RightMoveEnd,937
JumpEnd,943
JumpEnd,944
RightMoveStart,945
RightMoveEnd,946
RightMoveStart,947
RightMoveEnd,950
RightMoveStart,952
RightMoveStart,954
RightMoveEnd,955
RightMoveStart,956
RightMoveEnd,957
JumpStart,958
RightMoveEnd,958
RightMoveEnd,959
JumpStart,960
RightMoveStart,962
JumpEnd,972
JumpEnd,974
JumpStart,975
JumpStart,981
JumpEnd,995
JumpEnd,997
LittleStateEnd,998
JumpStart,1004
JumpEnd,1010
LeftMoveStart,1020
RightMoveEnd,1025
RightMoveStart,1046
StartLevel,1047
JumpStart,1053
RightMoveStart,1053
JumpEnd,1065
JumpStart,1070
RightMoveStart,1072
RightMoveEnd,1078
JumpEnd,1080
JumpStart,1083
RightMoveStart,1085
RightMoveStart,1092
RightMoveStart,1094
JumpEnd,1095
RightMoveStart,1096
RightMoveStart,1098
RightMoveEnd,1099
RightMoveStart,1100
RightMoveEnd,1101
RightMoveStart,1102
RightMoveEnd,1103
RightMoveEnd,1103
JumpStart,1104
RightMoveEnd,1104
RightMoveStart,1104
RightMoveEnd,1105
RightMoveEnd,1106
RightMoveStart,1106
RightMoveEnd,1107
RightMoveStart,1108
RightMoveEnd,1109
JumpEnd,1114
JumpStart,1116
RightMoveStart,1117
RightMoveEnd,1118
RightMoveStart,1119
JumpEnd,1127
RightMoveEnd,1127
JumpStart,1130
RightMoveEnd,1132
JumpEnd,1150
JumpStart,1154
RightMoveEnd,1155
RightMoveStart,1155
RightMoveStart,1157
JumpEnd,1166
LeftMoveStart,1191
RightMoveEnd,1192
RightMoveEnd,1192
RightMoveStart,1197
JumpStart,1202
JumpEnd,1210
LeftMoveStart,1218
LeftMoveEnd,1247
RightMoveEnd,1250
LargeStateStart,1265
LittleStateEnd,1265
LeftMoveStart,1285
RightMoveStart,1302
JumpStart,1310
RightMoveStart,1315
RightMoveStart,1317
JumpEnd,1320
RightMoveEnd,1329
LittleStateStart,1330
RightMoveStart,1337
RightMoveEnd,1338
RightMoveStart,1339
RightMoveStart,1341
JumpStart,1342
RightMoveEnd,1342
RightMoveStart,1343
RightMoveEnd,1344
RightMoveStart,1345
RightMoveEnd,1346
JumpEnd,1351
JumpStart,1354
RightMoveStart,1354
RightMoveEnd,1355
RightMoveStart,1356
RightMoveEnd,1358
LeftMoveEnd,1364
RightMoveEnd,1364
JumpEnd,1365
RightMoveStart,1365
RightMoveEnd,1366
JumpStart,1367
RightMoveStart,1367
LeftMoveEnd,1368
RightMoveStart,1369
RightMoveEnd,1370
RightMoveEnd,1375
JumpEnd,1378
JumpStart,1400
JumpEnd,1416
RightMoveEnd,1419
JumpStart,1433
JumpEnd,1443
JumpStart,1455
JumpEnd,1470
JumpStart,1471
JumpEnd,1483
JumpStart,1487
JumpEnd,1497
JumpStart,1525
DieByGoomba,1532
JumpEnd,1539
LeftMoveEnd,1562
LeftMoveStart,1569
RightMoveStart,1576
JumpStart,1615
JumpEnd,1629
JumpStart,1652
JumpEnd,1662
RightMoveStart,1666
JumpStart,1667
RightMoveEnd,1667
RightMoveStart,1668
RightMoveEnd,1671
JumpEnd,1678
JumpStart,1681
JumpEnd,1701
JumpStart,1717
RightMoveStart,1723
JumpEnd,1733
JumpStart,1742
JumpEnd,1751
LeftMoveStart,1768
LargeStateEnd,1779
RightMoveEnd,1914
RightMoveEnd,1964
LeftMoveEnd,2023
JumpStart,2054
JumpEnd,2076
RightMoveStart,2128
RightMoveEnd,2188
LittleStateEnd,2642
RightMoveEnd,2764
DeathByGap,3003
LostLevel,4626
