Event,Time
LittleStateStart,0
StartLevel,0
RightMoveStart,39
StompKillGoomba,66
JumpStart,69
LeftMoveStart,83
BlockCoinDestroy,94
JumpEnd,94
RightMoveStart,94
JumpStart,109
JumpEnd,117
BlockPowerDestroy,119
JumpStart,134
BlockCoinDestroy,137
RightMoveEnd,138
JumpEnd,142
JumpStart,152
JumpEnd,160
JumpStart,180
LargeStateStart,183
LittleStateEnd,183
LeftMoveEnd,193
LeftMoveStart,210
JumpEnd,211
JumpStart,214
LeftMoveStart,216
JumpEnd,230
JumpStart,231
LeftMoveEnd,232
JumpEnd,243
JumpStart,245
BlockCoinDestroy,248
LeftMoveStart,253
JumpEnd,255
JumpStart,264
RightMoveEnd,264
JumpEnd,270
RightMoveStart,272
JumpStart,301
JumpEnd,307
LeftMoveEnd,308
JumpStart,311
JumpEnd,317
JumpStart,323
JumpEnd,329
RunStateStart,330
RightMoveStart,331
LeftMoveEnd,339
JumpStart,345
JumpEnd,354
LeftMoveStart,359
RightMoveStart,365
JumpStart,374
JumpEnd,385
LeftMoveStart,386
JumpStart,390
StompKillGoomba,390
RightMoveStart,391
LeftMoveEnd,417
RightMoveEnd,417
JumpEnd,418
RightMoveEnd,419
JumpStart,420
RightMoveStart,428
JumpEnd,430
StompKillGoomba,430
DuckStart,432
RightMoveEnd,438
StompKillGoomba,439
RunStateEnd,465
DuckEnd,467
LeftMoveEnd,467
RightMoveStart,468
RightMoveEnd,471
RunStateStart,471
JumpStart,481
RightMoveEnd,489
LeftMoveStart,490
JumpEnd,497
JumpStart,503
RightMoveStart,504
LeftMoveStart,518
JumpEnd,519
JumpStart,523
RightMoveStart,525
RightMoveEnd,528
RightMoveStart,531
JumpEnd,533
DuckStart,545
RightMoveEnd,550
RightMoveEnd,551
LeftMoveEnd,552
DuckEnd,556
RunStateEnd,558
RunStateStart,561
LeftMoveStart,562
RightMoveEnd,565
JumpStart,568
LeftMoveStart,576
JumpEnd,578
RunStateEnd,587
RightMoveStart,595
DuckStart,602
DuckEnd,605
LeftMoveEnd,607
RightMoveStart,607
LeftMoveEnd,608
LeftMoveEnd,609
DuckStart,613
DuckEnd,616
RightMoveStart,619
RightMoveEnd,621
DuckStart,632
DuckEnd,642
LeftMoveStart,644
RunStateStart,649
RightMoveEnd,650
JumpStart,652
RunStateEnd,657
RightMoveEnd,661
JumpEnd,672
RunStateStart,675
RunStateEnd,684
RunStateStart,688
JumpStart,696
LeftMoveStart,705
JumpEnd,706
RunStateEnd,714
RightMoveStart,723
DuckStart,738
LeftMoveEnd,742
DuckEnd,748
RightMoveStart,752
RunStateStart,755
JumpStart,769
RightMoveStart,777
JumpEnd,779
LeftMoveEnd,779
JumpStart,799
RightMoveEnd,804
JumpEnd,815
JumpStart,817
LargeStateEnd,820
LittleStateStart,820
LeftMoveStart,839
RightMoveEnd,839
RightMoveEnd,840
RightMoveStart,841
JumpEnd,849
JumpStart,856
JumpEnd,864
JumpStart,869
LeftMoveStart,873
BlockPowerDestroy,874
JumpEnd,884
LeftMoveStart,885
JumpStart,889
RightMoveStart,896
JumpEnd,897
JumpStart,904
RightMoveEnd,906
LeftMoveEnd,907
LeftMoveEnd,909
LargeStateStart,911
LittleStateEnd,911
JumpEnd,932
JumpStart,938
RightMoveStart,944
JumpEnd,954
LeftMoveStart,959
RightMoveEnd,963
JumpStart,966
RightMoveStart,972
LeftMoveEnd,974
JumpEnd,982
RightMoveStart,982
LeftMoveStart,991
RightMoveEnd,1000
RightMoveStart,1000
RightMoveEnd,1006
RightMoveEnd,1006
JumpStart,1013
LeftMoveStart,1017
JumpEnd,1023
JumpStart,1029
LeftMoveEnd,1031
RightMoveStart,1031
RightMoveEnd,1034
JumpEnd,1039
LeftMoveEnd,1045
JumpStart,1050
LeftMoveEnd,1056
BlockCoinDestroy,1060
JumpEnd,1072
RightMoveStart,1072
JumpStart,1076
JumpEnd,1082
LargeStateEnd,1082
LittleStateStart,1082
StompKillGreenKoopa,1097
RightMoveEnd,1101
JumpStart,1105
LeftMoveStart,1107
RightMoveStart,1120
JumpEnd,1122
UnleashShell,1136
BlockCoinDestroy,1139
JumpStart,1147
RightMoveEnd,1147
RunStateEnd,1153
RunStateStart,1156
RunStateEnd,1157
UnleashShell,1158
RightMoveStart,1167
JumpEnd,1174
LeftMoveStart,1174
BlockCoinDestroy,1180
RunStateStart,1185
ShellKillGoomba,1187
BlockCoinDestroy,1193
JumpStart,1195
JumpEnd,1203
JumpStart,1208
LeftMoveEnd,1209
RightMoveEnd,1213
JumpEnd,1216
RightMoveStart,1218
RightMoveEnd,1220
JumpStart,1229
JumpEnd,1237
RightMoveStart,1239
LeftMoveStart,1245
JumpStart,1252
RightMoveStart,1257
RightMoveEnd,1263
RunStateEnd,1265
JumpEnd,1268
JumpStart,1272
BlockPowerDestroy,1274
RightMoveStart,1280
JumpEnd,1282
RightMoveEnd,1282
LeftMoveEnd,1284
RightMoveEnd,1285
JumpStart,1289
RightMoveStart,1292
JumpEnd,1297
JumpStart,1307
RightMoveStart,1308
LittleStateEnd,1310
RightMoveEnd,1312
RightMoveEnd,1317
LeftMoveEnd,1327
JumpEnd,1338
JumpStart,1343
JumpEnd,1352
JumpStart,1370
RightMoveEnd,1371
RightMoveStart,1374
JumpEnd,1385
JumpStart,1388
RightMoveStart,1397
JumpEnd,1398
JumpStart,1406
JumpEnd,1416
JumpStart,1420
JumpEnd,1432
JumpStart,1434
RightMoveEnd,1453
JumpEnd,1454
JumpStart,1455
JumpEnd,1475
JumpStart,1480
RightMoveStart,1483
JumpEnd,1492
JumpStart,1497
RightMoveStart,1500
RightMoveEnd,1502
JumpEnd,1508
JumpStart,1510
JumpEnd,1530
JumpStart,1536
RightMoveStart,1540
JumpEnd,1548
JumpStart,1550
RightMoveEnd,1553
JumpEnd,1564
JumpStart,1565
RightMoveEnd,1579
JumpEnd,1582
JumpStart,1585
RightMoveStart,1588
JumpEnd,1597
JumpStart,1601
RightMoveStart,1604
JumpEnd,1613
RightMoveEnd,1623
RightMoveStart,1628
RightMoveEnd,1631
JumpStart,1638
RightMoveStart,1641
JumpEnd,1645
RightMoveEnd,1646
RightMoveEnd,1654
JumpStart,1660
RightMoveEnd,1662
JumpEnd,1676
LargeStateStart,3004
RunStateStart,3031
RightMoveStart,3348
LargeStateEnd,3370
RunStateEnd,3370
RightMoveEnd,3383
WonLevel,4309
