Event,Time
LittleStateStart,0
StartLevel,0
RightMoveStart,30
JumpStart,44
BlockCoinDestroy,53
JumpEnd,59
JumpStart,77
BlockCoinDestroy,81
BlockPowerDestroy,86
JumpEnd,90
RightMoveStart,92
JumpStart,96
BlockPowerDestroy,100
JumpEnd,104
BlockPowerDestroy,120
JumpStart,121
LeftMoveStart,125
RightMoveEnd,128
RightMoveEnd,130
JumpEnd,131
JumpStart,135
JumpEnd,143
RightMoveStart,146
LargeStateStart,174
LittleStateEnd,174
StompKillGreenKoopa,177
RightMoveEnd,186
RightMoveEnd,187
UnleashShell,187
JumpStart,197
RightMoveStart,200
JumpEnd,211
DuckStart,214
DuckEnd,219
ShellKillGoomba,225
JumpStart,234
LeftMoveEnd,245
JumpEnd,250
RightMoveEnd,250
JumpStart,255
JumpEnd,267
RightMoveStart,272
LeftMoveEnd,287
RightMoveStart,296
RightMoveStart,308
RightMoveStart,310
RightMoveEnd,313
LargeStateEnd,314
BlockPowerDestroy,320
RightMoveEnd,321
RightMoveEnd,323
RightMoveEnd,331
LittleStateStart,332
StartLevel,332
RightMoveStart,352
RightMoveEnd,362
LittleStateStart,378
StartLevel,378
JumpStart,400
RightMoveStart,402
LeftMoveEnd,405
JumpEnd,408
JumpStart,418
LeftMoveStart,421
JumpEnd,428
JumpStart,433
JumpStart,440
JumpEnd,441
RightMoveStart,442
JumpStart,449
LargeStateStart,452
LittleStateEnd,452
RightMoveStart,454
JumpEnd,456
LeftMoveStart,466
JumpStart,476
RightMoveStart,479
JumpEnd,484
RightMoveStart,485
JumpEnd,486
RightMoveStart,487
JumpStart,489
RightMoveStart,489
RightMoveEnd,490
RightMoveStart,491
RightMoveEnd,492
JumpStart,493
RightMoveStart,493
RightMoveEnd,494
JumpEnd,499
JumpEnd,501
JumpStart,516
JumpStart,517
RightMoveEnd,517
LeftMoveStart,519
RightMoveEnd,529
LargeStateStart,530
LittleStateEnd,530
LeftMoveStart,531
RightMoveEnd,532
RightMoveEnd,543
LeftMoveStart,544
JumpEnd,547
JumpEnd,550
LargeStateEnd,551
LittleStateStart,551
RightMoveStart,551
JumpStart,559
JumpEnd,569
RightMoveEnd,574
JumpStart,580
RightMoveStart,580
JumpStart,589
LeftMoveEnd,592
JumpEnd,596
LeftMoveEnd,603
JumpEnd,604
JumpStart,609
JumpStart,614
RightMoveStart,622
JumpEnd,623
JumpEnd,624
JumpStart,628
JumpStart,641
LeftMoveEnd,643
DeathByGap,646
JumpEnd,646
JumpEnd,651
LeftMoveStart,653
LeftMoveStart,670
RightMoveStart,676
JumpStart,678
JumpEnd,688
JumpStart,692
LittleStateEnd,692
RightMoveEnd,694
LeftMoveStart,698
JumpEnd,704
LeftMoveStart,707
RightMoveEnd,708
JumpStart,714
JumpEnd,720
RightMoveStart,724
LeftMoveEnd,728
JumpStart,730
LeftMoveEnd,732
LeftMoveStart,735
FireStateStart,738
LargeStateEnd,738
RightMoveEnd,741
RightMoveStart,760
JumpEnd,764
JumpStart,776
RightMoveEnd,782
JumpEnd,785
LeftMoveEnd,787
LeftMoveEnd,798
BlockCoinDestroy,814
JumpStart,816
RightMoveEnd,822
JumpEnd,826
LeftMoveEnd,826
BlockCoinDestroy,834
JumpStart,841
RightMoveStart,843
RightMoveStart,845
BlockCoinDestroy,850
JumpEnd,851
DuckStart,861
DuckEnd,864
DuckStart,867
DuckEnd,870
RightMoveEnd,872
RightMoveStart,873
RightMoveEnd,878
RightMoveEnd,915
RightMoveStart,918
JumpStart,919
RightMoveStart,920
RightMoveStart,922
RightMoveEnd,923
RightMoveEnd,927
JumpEnd,931
DuckStart,941
RightMoveEnd,944
RightMoveEnd,945
DuckEnd,953
DuckStart,961
RightMoveEnd,964
DuckEnd,969
RightMoveStart,1013
JumpStart,1014
RightMoveStart,1015
RightMoveStart,1017
RightMoveEnd,1018
JumpEnd,1028
RightMoveStart,1030
JumpStart,1031
RightMoveEnd,1031
RightMoveStart,1032
RightMoveStart,1034
RightMoveEnd,1035
JumpEnd,1041
RightMoveEnd,1044
BlockPowerDestroy,1046
LeftMoveStart,1064
RightMoveEnd,1065
RightMoveStart,1086
DeathByGap,1094
RightMoveEnd,1105
RightMoveStart,1123
JumpStart,1124
RightMoveStart,1130
RightMoveStart,1132
JumpEnd,1134
RightMoveEnd,1138
BlockPowerDestroyBulletBill,1144
RightMoveEnd,1147
RightMoveEnd,1166
LeftMoveStart,1186
RightMoveEnd,1187
JumpStart,1208
JumpEnd,1214
RightMoveStart,1216
LeftMoveStart,1219
JumpStart,1228
JumpEnd,1234
RightMoveStart,1236
JumpStart,1244
JumpEnd,1250
JumpStart,1256
LeftMoveEnd,1261
JumpEnd,1265
JumpStart,1280
JumpEnd,1296
RightMoveEnd,1302
JumpStart,1307
JumpEnd,1322
JumpStart,1326
RightMoveStart,1326
RightMoveStart,1328
RightMoveStart,1330
RightMoveEnd,1331
RightMoveStart,1332
RightMoveEnd,1333
RightMoveStart,1334
RightMoveEnd,1335
JumpEnd,1336
RightMoveEnd,1336
LeftMoveEnd,1337
DuckStart,1353
DuckEnd,1357
RightMoveStart,1363
RightMoveEnd,1364
LeftMoveStart,1372
RightMoveStart,1379
RightMoveEnd,1400
JumpStart,1403
JumpEnd,1412
LeftMoveEnd,1414
RightMoveEnd,1417
LeftMoveStart,1418
RightMoveEnd,1433
LeftMoveStart,1437
JumpStart,1440
RightMoveStart,1449
JumpEnd,1451
JumpStart,1465
LeftMoveEnd,1466
LeftMoveEnd,1467
LeftMoveStart,1469
JumpEnd,1475
RightMoveStart,1485
LeftMoveStart,1503
JumpStart,1512
RightMoveStart,1513
LeftMoveEnd,1516
FireStateEnd,1518
LargeStateStart,1518
LargeStateStart,1518
LeftMoveEnd,1528
RightMoveEnd,1538
RightMoveEnd,1538
LeftMoveEnd,1539
LargeStateEnd,1540
JumpEnd,1569
LeftMoveStart,1569
JumpStart,1577
JumpEnd,1590
RightMoveEnd,1596
JumpStart,1599
LeftMoveStart,1607
JumpEnd,1609
StartLevel,1613
RightMoveStart,1621
RightMoveStart,1627
RightMoveStart,1633
JumpStart,1638
LeftMoveStart,1641
RightMoveEnd,1642
FireStateStart,1643
LargeStateEnd,1643
LeftMoveEnd,1649
LeftMoveEnd,1658
JumpEnd,1671
JumpStart,1676
RightMoveStart,1677
LeftMoveStart,1680
JumpEnd,1689
RightMoveStart,1693
JumpStart,1696
LeftMoveEnd,1698
JumpEnd,1714
LeftMoveEnd,1720
RightMoveStart,1720
JumpStart,1721
RightMoveStart,1722
RightMoveStart,1724
RightMoveEnd,1725
RightMoveEnd,1729
JumpEnd,1731
RightMoveEnd,1731
RightMoveEnd,1735
JumpStart,1740
RightMoveEnd,1742
RightMoveEnd,1748
JumpEnd,1750
RightMoveStart,1766
LittleStateEnd,1776
JumpStart,1791
RightMoveStart,1791
JumpEnd,1810
JumpStart,1813
JumpEnd,1829
RightMoveStart,1855
LeftMoveStart,1872
LeftMoveStart,1909
RightMoveEnd,1916
RightMoveStart,1930
RightMoveEnd,1935
JumpStart,1948
RightMoveStart,1960
RightMoveStart,1962
JumpEnd,1964
RightMoveStart,1964
RightMoveEnd,1965
LeftMoveEnd,1966
FireStateEnd,1973
RightMoveEnd,1975
RightMoveEnd,1991
RightMoveEnd,2034
LittleStateStart,2059
LeftMoveEnd,2088
RightMoveEnd,2625
DeathByGap,3396
LostLevel,4057
