Event,Time
LittleStateStart,0
StartLevel,0
BlockCoinDestroy,47
RunStateStart,52
RightMoveStart,53
RunStateEnd,55
JumpStart,68
JumpEnd,84
BlockPowerDestroy,99
RunStateStart,124
RunStateEnd,128
RunStateStart,131
RunStateEnd,134
RightMoveEnd,138
LeftMoveStart,140
JumpStart,145
RunStateStart,150
RunStateEnd,152
JumpEnd,153
BlockCoinDestroy,163
RunStateStart,163
LeftMoveStart,171
StompKillGreenKoopa,176
JumpStart,177
JumpEnd,186
RightMoveStart,187
UnleashShell,193
ShellKillGoomba,196
JumpStart,202
BlockPowerDestroy,209
LeftMoveEnd,209
RightMoveEnd,209
JumpEnd,212
RightMoveStart,219
JumpStart,224
BlockCoinDestroy,226
JumpEnd,232
RightMoveStart,236
JumpStart,244
LargeStateStart,246
LittleStateEnd,246
RightMoveEnd,252
JumpEnd,276
StompKillGreenKoopa,277
JumpStart,286
BlockPowerDestroy,290
JumpEnd,306
LeftMoveEnd,315
RightMoveEnd,317
LeftMoveEnd,319
LeftMoveStart,320
UnleashShell,321
RightMoveEnd,338
RunStateEnd,338
LargeStateEnd,343
LittleStateStart,343
ShellKillGoomba,350
RightMoveStart,364
RunStateStart,377
BlockCoinDestroy,391
JumpStart,406
JumpEnd,414
RunStateEnd,423
LeftMoveStart,431
RunStateStart,442
JumpStart,452
RightMoveStart,460
JumpEnd,462
BlockPowerDestroy,465
LeftMoveStart,477
JumpStart,479
JumpEnd,488
RightMoveStart,490
JumpStart,496
LargeStateStart,499
LittleStateEnd,499
LeftMoveEnd,512
LeftMoveEnd,531
JumpEnd,532
LeftMoveEnd,558
RightMoveEnd,558
RightMoveEnd,565
JumpStart,568
JumpEnd,574
JumpStart,578
JumpEnd,584
JumpStart,591
JumpEnd,600
JumpStart,625
JumpEnd,633
JumpStart,649
RightMoveStart,652
JumpEnd,663
RightMoveEnd,666
JumpStart,680
RunStateEnd,688
RightMoveStart,693
JumpEnd,694
RightMoveStart,695
RightMoveEnd,698
RunStateStart,699
JumpStart,702
RunStateEnd,707
RightMoveStart,713
JumpEnd,715
RightMoveStart,715
JumpStart,718
RightMoveEnd,718
RunStateStart,721
RightMoveStart,723
RunStateEnd,725
JumpEnd,730
RightMoveEnd,732
CollectCoin,733
CollectCoin,734
RightMoveEnd,735
RunStateStart,737
RightMoveStart,738
JumpStart,739
RightMoveEnd,745
JumpEnd,757
CollectCoin,760
CollectCoin,762
CollectCoin,763
BlockCoinDestroy,782
BlockCoinDestroy,794
JumpStart,798
RightMoveEnd,800
JumpEnd,804
BlockCoinDestroy,809
JumpStart,810
JumpEnd,816
RightMoveStart,818
RightMoveEnd,824
JumpStart,825
BlockCoinDestroy,830
JumpEnd,831
BlockCoinDestroy,842
JumpStart,842
JumpEnd,851
JumpStart,866
BlockCoinDestroy,870
JumpEnd,882
JumpStart,884
JumpEnd,900
JumpStart,902
RightMoveStart,910
JumpEnd,912
JumpStart,940
RunStateEnd,950
JumpEnd,956
LeftMoveStart,962
RunStateStart,971
JumpStart,973
RightMoveEnd,975
LargeStateEnd,977
LittleStateStart,977
BlockCoinDestroyBulletBill,979
RunStateEnd,993
RightMoveStart,1005
JumpEnd,1011
JumpStart,1012
RunStateStart,1013
RunStateEnd,1023
JumpEnd,1028
LeftMoveStart,1039
RightMoveEnd,1044
BlockCoinDestroyBulletBill,1046
JumpStart,1046
RightMoveStart,1054
JumpEnd,1056
JumpStart,1067
LeftMoveStart,1069
RunStateStart,1069
LeftMoveStart,1075
RunStateEnd,1075
JumpEnd,1077
RightMoveStart,1088
LeftMoveEnd,1089
BlockPowerDestroy,1091
LeftMoveEnd,1102
LeftMoveStart,1103
JumpStart,1106
RightMoveStart,1112
JumpEnd,1114
RightMoveEnd,1117
JumpStart,1123
LeftMoveEnd,1125
LargeStateStart,1126
LittleStateEnd,1126
RightMoveEnd,1133
RightMoveEnd,1135
LeftMoveEnd,1139
BlockCoinDestroy,1146
BlockCoinDestroyBulletBill,1153
LeftMoveStart,1156
JumpEnd,1158
JumpStart,1162
JumpEnd,1168
RightMoveStart,1174
RightMoveEnd,1179
JumpStart,1182
LeftMoveStart,1187
JumpEnd,1192
JumpStart,1197
RightMoveStart,1200
JumpEnd,1203
BlockPowerDestroy,1208
JumpStart,1217
RightMoveStart,1219
RunStateStart,1219
LeftMoveEnd,1226
RunStateEnd,1229
LeftMoveEnd,1230
JumpEnd,1235
RightMoveEnd,1239
RightMoveStart,1240
RightMoveStart,1242
JumpStart,1244
RightMoveEnd,1245
RunStateStart,1245
RightMoveEnd,1248
RunStateEnd,1249
BlockPowerDestroyBulletBill,1253
JumpEnd,1258
RightMoveEnd,1258
RightMoveStart,1258
RightMoveStart,1260
RightMoveEnd,1262
RightMoveEnd,1263
JumpStart,1266
RunStateStart,1266
RunStateEnd,1271
RightMoveStart,1274
RightMoveEnd,1275
JumpEnd,1278
RightMoveStart,1289
JumpStart,1296
RightMoveEnd,1297
JumpEnd,1306
RightMoveEnd,1306
JumpStart,1315
RightMoveStart,1316
RunStateStart,1318
RunStateEnd,1324
JumpEnd,1335
JumpStart,1337
RunStateStart,1338
JumpEnd,1349
RunStateEnd,1363
LeftMoveStart,1373
BlockCoinDestroy,1374
RightMoveStart,1382
JumpStart,1390
LeftMoveStart,1395
JumpEnd,1396
RightMoveEnd,1399
RunStateStart,1404
RightMoveStart,1408
RunStateEnd,1414
LeftMoveStart,1421
LeftMoveEnd,1429
RunStateStart,1439
RightMoveEnd,1446
JumpStart,1449
RightMoveStart,1450
RightMoveEnd,1457
RightMoveStart,1457
JumpEnd,1459
LeftMoveEnd,1463
RightMoveEnd,1488
LeftMoveEnd,1489
RightMoveStart,1490
JumpStart,1496
RightMoveEnd,1497
JumpEnd,1506
JumpStart,1532
RightMoveStart,1540
JumpEnd,1541
JumpStart,1544
JumpEnd,1550
LargeStateEnd,1561
LeftMoveEnd,1561
RunStateEnd,1561
RightMoveEnd,1572
LittleStateStart,1579
RunStateStart,1579
StartLevel,1579
BlockCoinDestroy,1580
RightMoveStart,1606
RightMoveEnd,1608
JumpStart,1641
JumpEnd,1649
LeftMoveStart,1652
JumpStart,1660
JumpEnd,1670
JumpStart,1676
LeftMoveStart,1679
JumpEnd,1688
JumpStart,1692
RightMoveStart,1697
JumpEnd,1701
JumpStart,1706
LeftMoveEnd,1707
LargeStateStart,1710
LittleStateEnd,1710
FireKillGoomba,1714
RightMoveStart,1730
JumpEnd,1742
JumpStart,1762
JumpEnd,1784
RunStateEnd,1789
RightMoveStart,1798
RunStateStart,1799
RightMoveEnd,1801
RightMoveEnd,1812
JumpStart,1821
JumpEnd,1827
StompKillGreenKoopa,1830
JumpStart,1831
JumpEnd,1837
LeftMoveStart,1843
JumpStart,1858
RightMoveStart,1862
RightMoveStart,1866
RunStateEnd,1866
JumpEnd,1868
LeftMoveStart,1872
RightMoveEnd,1875
RunStateStart,1880
JumpStart,1885
JumpEnd,1891
RightMoveStart,1893
RunStateEnd,1895
RunStateStart,1900
LeftMoveEnd,1903
RightMoveEnd,1910
RunStateEnd,1911
RunStateStart,1915
JumpStart,1919
LeftMoveStart,1921
RunStateEnd,1923
RightMoveEnd,1928
JumpEnd,1932
RightMoveEnd,1938
RunStateStart,1943
RunStateEnd,1950
JumpStart,1954
LeftMoveStart,1963
JumpEnd,1964
LeftMoveEnd,1973
RightMoveStart,1989
JumpStart,1998
JumpEnd,2004
LeftMoveStart,2005
RunStateStart,2005
RunStateEnd,2008
RightMoveStart,2014
LeftMoveEnd,2021
LeftMoveEnd,2021
JumpStart,2025
RightMoveStart,2032
JumpEnd,2041
RightMoveEnd,2041
LeftMoveStart,2049
LeftMoveEnd,2055
JumpStart,2056
RightMoveEnd,2056
RightMoveStart,2059
JumpEnd,2066
JumpStart,2077
LeftMoveStart,2082
LargeStateEnd,2083
RightMoveEnd,2087
RunStateStart,2099
LeftMoveEnd,2102
RightMoveEnd,2104
RightMoveStart,2104
RunStateEnd,2114
JumpEnd,2115
RightMoveStart,2117
JumpStart,2119
RightMoveStart,2119
RightMoveStart,2121
RightMoveEnd,2122
RightMoveStart,2123
RightMoveEnd,2124
RunStateStart,2126
RightMoveEnd,2131
JumpEnd,2135
JumpStart,2136
LeftMoveEnd,2136
RunStateEnd,2142
RunStateStart,2147
JumpEnd,2149
RunStateEnd,2151
RightMoveEnd,2161
RunStateStart,2162
RunStateEnd,2166
RunStateStart,2169
JumpStart,2179
RunStateEnd,2181
JumpEnd,2189
JumpStart,2206
RunStateStart,2220
JumpEnd,2222
RightMoveEnd,2236
JumpStart,2289
JumpEnd,2298
RightMoveStart,2298
JumpStart,2316
RightMoveStart,2319
JumpEnd,2330
JumpStart,2332
RightMoveStart,2336
JumpEnd,2342
JumpStart,2345
RightMoveStart,2346
RightMoveEnd,2350
RightMoveEnd,2361
JumpEnd,2363
LeftMoveStart,2408
RightMoveEnd,2417
JumpStart,2425
FireStateStart,2431
JumpEnd,2431
JumpStart,2437
JumpEnd,2443
RightMoveStart,2444
JumpStart,2449
JumpEnd,2455
JumpStart,2465
JumpEnd,2471
RightMoveStart,2472
DeathByGap,2476
RightMoveEnd,2478
JumpStart,2482
JumpEnd,2491
RunStateEnd,2492
RunStateStart,2503
RunStateEnd,2513
RunStateStart,2527
RightMoveEnd,2539
RightMoveStart,2542
JumpStart,2544
RightMoveEnd,2558
JumpEnd,2560
JumpStart,2571
RightMoveStart,2579
JumpEnd,2580
JumpStart,2602
JumpEnd,2615
LeftMoveStart,2617
JumpStart,2632
RightMoveStart,2639
RightMoveEnd,2641
RightMoveEnd,2648
JumpEnd,2663
RightMoveStart,2664
JumpStart,2673
RightMoveStart,2677
RightMoveStart,2681
JumpEnd,2683
LeftMoveStart,2693
RightMoveEnd,2693
JumpStart,2695
RightMoveEnd,2696
RightMoveEnd,2697
RightMoveEnd,2708
JumpEnd,2711
LeftMoveStart,2713
JumpStart,2739
RightMoveStart,2743
LeftMoveEnd,2762
JumpEnd,2769
LeftMoveEnd,2769
RightMoveStart,2772
LeftMoveEnd,2774
JumpStart,2780
JumpEnd,2790
JumpStart,2803
RightMoveStart,2810
JumpEnd,2814
RightMoveEnd,2814
LeftMoveStart,2818
RightMoveEnd,2818
JumpStart,2839
RightMoveStart,2842
LeftMoveEnd,2847
RightMoveEnd,2851
RightMoveStart,2866
JumpEnd,2870
JumpStart,2877
RightMoveEnd,2889
JumpEnd,2893
JumpStart,2896
JumpEnd,2912
JumpStart,2917
RightMoveStart,2925
JumpEnd,2927
JumpStart,2945
LeftMoveEnd,2946
RightMoveEnd,2946
JumpEnd,2953
RunStateEnd,2960
RunStateStart,2970
JumpStart,2973
RightMoveStart,2981
JumpEnd,2983
JumpStart,3000
RightMoveStart,3005
JumpEnd,3012
RunStateEnd,3012
RightMoveEnd,3038
RunStateStart,3043
RunStateEnd,3047
RunStateStart,3051
RunStateEnd,3054
RightMoveEnd,3056
RunStateStart,3056
RunStateEnd,3059
RunStateStart,3066
JumpStart,3067
RightMoveStart,3075
RunStateEnd,3076
JumpEnd,3077
RightMoveEnd,3086
RunStateStart,3087
LeftMoveStart,3099
RightMoveStart,3108
JumpStart,3112
JumpEnd,3132
RightMoveEnd,3159
LeftMoveStart,3166
JumpStart,3173
JumpEnd,3183
RightMoveStart,3193
JumpStart,3195
RightMoveEnd,3198
JumpEnd,3209
JumpStart,3213
JumpEnd,3226
JumpStart,3230
RightMoveStart,3235
LeftMoveEnd,3241
JumpEnd,3242
JumpStart,3245
RightMoveStart,3255
JumpEnd,3256
JumpStart,3261
JumpEnd,3282
RightMoveEnd,3284
JumpStart,3288
RunStateEnd,3295
JumpEnd,3301
RightMoveStart,3301
RightMoveStart,3303
JumpStart,3305
RightMoveStart,3305
RunStateStart,3305
RightMoveEnd,3306
RightMoveEnd,3308
RightMoveEnd,3308
RightMoveStart,3310
RunStateEnd,3312
RightMoveEnd,3313
RunStateStart,3315
JumpEnd,3317
RunStateEnd,3319
JumpStart,3336
JumpEnd,3346
RightMoveEnd,3348
RightMoveEnd,3350
JumpStart,3352
RightMoveStart,3355
JumpEnd,3362
LeftMoveEnd,3388
RightMoveStart,3399
LeftMoveStart,3409
JumpStart,3417
LeftMoveStart,3420
RightMoveStart,3431
JumpEnd,3438
LeftMoveEnd,3441
LeftMoveStart,3443
RightMoveEnd,3443
RightMoveEnd,3452
RightMoveStart,3453
LeftMoveStart,3468
RightMoveEnd,3474
LeftMoveEnd,3475
JumpStart,3484
JumpEnd,3488
RightMoveEnd,3489
LeftMoveEnd,3501
LeftMoveEnd,3660
RunStateStart,3678
RightMoveStart,3825
FireStateEnd,3836
RunStateEnd,3836
RightMoveEnd,3860
WonLevel,5825
