Event,Time
LittleStateStart,0
StartLevel,0
RightMoveStart,44
BlockCoinDestroy,78
RightMoveEnd,90
JumpStart,93
JumpEnd,101
JumpStart,109
JumpEnd,121
JumpStart,132
JumpEnd,146
JumpStart,147
RightMoveEnd,148
JumpEnd,160
LeftMoveStart,163
RightMoveStart,170
BlockPowerDestroy,177
JumpStart,178
JumpEnd,188
RightMoveEnd,191
BlockPowerDestroy,192
JumpStart,216
RightMoveEnd,223
JumpEnd,229
JumpStart,276
LeftMoveEnd,280
StompKillGreenKoopa,285
JumpEnd,288
StompKillGreenKoopa,295
UnleashShell,295
ShellKillGoomba,299
UnleashShell,305
ShellKillGoomba,310
JumpStart,312
LeftMoveEnd,315
JumpEnd,324
JumpStart,334
RightMoveStart,336
JumpEnd,347
LeftMoveEnd,349
RightMoveStart,360
RightMoveStart,364
StartLevel,364
RightMoveStart,366
RightMoveStart,368
RightMoveEnd,369
RightMoveEnd,369
RightMoveStart,370
RightMoveEnd,371
RightMoveStart,372
RightMoveEnd,373
RightMoveStart,374
JumpStart,375
RightMoveEnd,375
RightMoveStart,376
RightMoveEnd,377
RightMoveStart,378
RightMoveEnd,379
RightMoveStart,381
JumpEnd,385
RightMoveEnd,387
RightMoveEnd,396
CollectCoin,406
RightMoveStart,409
JumpStart,411
JumpEnd,429
RightMoveEnd,452
BlockCoinDestroy,460
LeftMoveStart,468
BlockCoinDestroy,473
JumpStart,475
BlockCoinDestroy,483
JumpEnd,483
JumpStart,488
JumpEnd,496
JumpStart,498
RightMoveEnd,498
LeftMoveStart,502
JumpEnd,506
RightMoveStart,512
RightMoveEnd,522
JumpStart,533
JumpEnd,545
LeftMoveEnd,545
JumpStart,560
JumpEnd,574
JumpStart,584
JumpEnd,594
BlockCoinDestroy,610
JumpStart,625
JumpEnd,633
JumpStart,638
RightMoveStart,642
JumpEnd,648
RightMoveStart,658
LeftMoveStart,667
RightMoveEnd,682
JumpStart,693
JumpEnd,710
CollectCoin,737
RightMoveStart,743
RightMoveEnd,744
JumpStart,749
JumpEnd,759
LeftMoveStart,769
LeftMoveStart,779
RightMoveEnd,781
LeftMoveEnd,806
LeftMoveEnd,820
JumpStart,838
RightMoveStart,839
RightMoveEnd,853
JumpEnd,854
LeftMoveStart,860
LeftMoveEnd,880
LeftMoveEnd,892
BlockCoinDestroy,902
JumpStart,927
RightMoveStart,931
JumpEnd,937
BlockPowerDestroy,947
RightMoveEnd,947
LeftMoveStart,949
LeftMoveEnd,954
JumpStart,962
JumpEnd,975
RightMoveStart,978
LargeStateStart,993
LittleStateEnd,993
DuckStart,1015
DuckEnd,1036
RightMoveStart,1037
RightMoveEnd,1040
JumpStart,1044
JumpEnd,1057
RightMoveStart,1058
RightMoveStart,1060
JumpStart,1062
RightMoveStart,1062
RightMoveEnd,1063
RightMoveStart,1064
RightMoveEnd,1065
LeftMoveEnd,1066
RightMoveStart,1066
RightMoveEnd,1067
RightMoveEnd,1073
JumpEnd,1074
RightMoveEnd,1080
DuckStart,1086
RightMoveEnd,1092
RightMoveEnd,1116
DuckEnd,1123
RightMoveStart,1124
DuckStart,1130
DuckEnd,1143
LittleStateStart,1148
StartLevel,1148
DuckStart,1156
RightMoveStart,1169
DuckEnd,1183
DuckStart,1195
RightMoveEnd,1233
JumpStart,1235
JumpEnd,1245
LeftMoveStart,1248
DuckEnd,1262
LeftMoveStart,1264
RightMoveStart,1273
JumpStart,1277
RightMoveStart,1278
JumpStart,1285
LeftMoveStart,1287
JumpEnd,1289
RightMoveStart,1299
JumpEnd,1301
LeftMoveStart,1313
JumpStart,1317
JumpStart,1318
RightMoveStart,1322
RightMoveStart,1324
LeftMoveStart,1325
RightMoveStart,1326
JumpEnd,1327
RightMoveEnd,1327
JumpEnd,1328
LeftMoveStart,1329
RightMoveEnd,1330
LeftMoveEnd,1337
RightMoveEnd,1338
DuckStart,1339
JumpStart,1340
RightMoveStart,1346
JumpEnd,1348
LeftMoveEnd,1349
LeftMoveEnd,1357
RightMoveEnd,1367
DuckEnd,1371
LargeStateStart,1371
LittleStateEnd,1371
RightMoveStart,1373
JumpStart,1379
RightMoveStart,1387
JumpEnd,1389
RightMoveEnd,1390
JumpStart,1395
JumpStart,1398
RightMoveStart,1402
JumpEnd,1409
JumpEnd,1410
LeftMoveEnd,1418
JumpStart,1431
RightMoveStart,1431
RightMoveEnd,1433
RightMoveStart,1433
RightMoveStart,1435
RightMoveEnd,1436
JumpStart,1437
JumpEnd,1443
RightMoveEnd,1444
RightMoveEnd,1448
LeftMoveStart,1458
RightMoveStart,1467
JumpEnd,1471
JumpStart,1471
RightMoveEnd,1475
RightMoveEnd,1476
RightMoveStart,1483
RightMoveEnd,1484
RightMoveStart,1484
RightMoveStart,1485
RightMoveStart,1486
JumpEnd,1487
RightMoveEnd,1488
RightMoveStart,1488
RightMoveEnd,1489
RightMoveEnd,1491
LargeStateEnd,1494
LargeStateEnd,1496
RightMoveEnd,1502
RightMoveEnd,1513
LittleStateStart,1514
StartLevel,1514
RightMoveStart,1515
RightMoveEnd,1532
RightMoveEnd,1548
JumpStart,1569
LeftMoveStart,1575
JumpEnd,1577
RightMoveStart,1584
LeftMoveEnd,1592
LeftMoveEnd,1593
JumpStart,1602
JumpEnd,1615
LeftMoveStart,1618
JumpStart,1625
LeftMoveStart,1642
JumpEnd,1643
RightMoveStart,1652
JumpStart,1665
LeftMoveStart,1667
LeftMoveEnd,1675
JumpEnd,1681
LeftMoveEnd,1683
RightMoveStart,1683
RightMoveEnd,1686
LeftMoveStart,1696
JumpStart,1699
LeftMoveEnd,1702
LeftMoveStart,1707
JumpEnd,1709
JumpStart,1721
RightMoveEnd,1726
RightMoveStart,1728
JumpEnd,1729
RightMoveEnd,1734
LeftMoveEnd,1735
LeftMoveEnd,1738
LargeStateStart,1752
LittleStateEnd,1752
JumpStart,1778
JumpEnd,1790
JumpStart,1815
LeftMoveStart,1832
JumpEnd,1847
RightMoveStart,1849
JumpStart,1861
RightMoveStart,1869
JumpEnd,1871
RightMoveEnd,1876
JumpStart,1906
JumpEnd,1918
JumpStart,1970
RightMoveStart,1972
LeftMoveEnd,1973
RightMoveStart,1974
JumpEnd,1982
RightMoveEnd,1989
RightMoveEnd,1991
JumpStart,2013
DuckStart,2023
JumpEnd,2023
RightMoveEnd,2028
DuckEnd,2035
RightMoveStart,2036
RightMoveStart,2038
RightMoveStart,2040
RightMoveEnd,2041
RightMoveStart,2042
RightMoveEnd,2043
RightMoveStart,2044
RightMoveEnd,2045
RightMoveStart,2046
DuckStart,2047
RightMoveEnd,2047
DuckEnd,2048
RightMoveEnd,2049
RightMoveStart,2049
RightMoveStart,2051
RightMoveEnd,2053
RightMoveStart,2053
RightMoveEnd,2054
RightMoveStart,2055
RightMoveEnd,2056
RightMoveStart,2057
RightMoveEnd,2058
RightMoveStart,2059
RightMoveEnd,2060
RightMoveStart,2061
RightMoveEnd,2062
RightMoveStart,2063
DuckStart,2064
RightMoveEnd,2064
RightMoveEnd,2066
DuckEnd,2072
DuckStart,2076
RightMoveEnd,2076
DuckEnd,2078
DuckStart,2080
DuckEnd,2081
DuckStart,2084
DuckEnd,2086
DuckStart,2088
DuckEnd,2094
DuckStart,2099
RightMoveEnd,2099
DuckEnd,2102
DuckStart,2111
DuckEnd,2114
DuckStart,2119
DuckEnd,2121
RightMoveStart,2130
JumpStart,2131
RightMoveStart,2132
RightMoveStart,2134
RightMoveEnd,2135
JumpEnd,2145
RightMoveStart,2147
RightMoveEnd,2148
RightMoveStart,2149
RightMoveEnd,2152
JumpStart,2153
RightMoveStart,2156
RightMoveEnd,2161
JumpEnd,2165
RightMoveEnd,2179
LeftMoveStart,2183
DuckStart,2189
DuckEnd,2191
DuckStart,2198
RightMoveEnd,2198
DuckEnd,2200
DuckStart,2202
DuckEnd,2204
DuckStart,2205
DuckEnd,2207
DuckStart,2219
DuckEnd,2221
DuckStart,2223
DuckEnd,2225
DuckStart,2227
DuckEnd,2230
DuckStart,2231
DuckEnd,2235
LeftMoveStart,2243
RightMoveStart,2254
JumpStart,2256
JumpEnd,2274
JumpStart,2302
LeftMoveEnd,2305
JumpEnd,2320
RightMoveStart,2338
JumpStart,2349
JumpEnd,2365
JumpStart,2369
DeathByGap,2381
RightMoveStart,2383
JumpEnd,2385
JumpStart,2386
RightMoveStart,2390
RightMoveStart,2392
RightMoveStart,2394
RightMoveEnd,2395
JumpEnd,2396
RightMoveEnd,2398
RightMoveEnd,2429
RightMoveEnd,2429
JumpStart,2432
JumpEnd,2438
JumpStart,2444
JumpEnd,2456
RightMoveStart,2456
JumpStart,2457
RightMoveEnd,2457
RightMoveStart,2458
RightMoveStart,2460
RightMoveEnd,2461
RightMoveEnd,2466
JumpEnd,2469
DuckStart,2481
RightMoveEnd,2484
RightMoveEnd,2519
LeftMoveEnd,2536
DuckEnd,2537
RightMoveStart,2538
DuckStart,2546
DuckEnd,2557
JumpStart,2564
JumpEnd,2576
LeftMoveStart,2606
RightMoveStart,2615
JumpStart,2620
RightMoveStart,2628
RightMoveStart,2630
RightMoveStart,2632
RightMoveEnd,2633
RightMoveStart,2634
JumpEnd,2635
RightMoveEnd,2635
RightMoveEnd,2642
RightMoveEnd,2643
LargeStateEnd,2644
RightMoveEnd,2683
RightMoveEnd,2704
LittleStateStart,2829
LeftMoveEnd,2977
DeathByGap,4269
DeathByGap,4269
RightMoveStart,4910
LittleStateEnd,5640
LostLevel,7642
RightMoveEnd,7704
