Event,Time
LittleStateStart,0
StartLevel,0
JumpStart,35
RightMoveStart,40
JumpEnd,51
BlockCoinDestroy,81
JumpStart,96
JumpEnd,104
LeftMoveStart,104
JumpStart,109
BlockPowerDestroy,111
RightMoveStart,115
JumpEnd,119
JumpStart,126
JumpEnd,134
JumpStart,140
LargeStateStart,144
LeftMoveStart,144
LittleStateEnd,144
RightMoveEnd,160
JumpEnd,176
JumpStart,179
JumpEnd,192
RunStateStart,196
StompKillGreenKoopa,196
JumpStart,202
LeftMoveEnd,204
UnleashShell,212
ShellKillGoomba,214
RightMoveEnd,218
LeftMoveStart,219
JumpEnd,225
RunStateEnd,229
LeftMoveEnd,235
RunStateStart,235
JumpStart,258
RightMoveStart,259
LeftMoveStart,264
JumpEnd,270
RightMoveStart,275
JumpStart,277
JumpEnd,287
RunStateEnd,293
LeftMoveEnd,301
LeftMoveStart,303
LeftMoveStart,310
RightMoveEnd,318
LeftMoveEnd,319
RightMoveStart,329
LeftMoveEnd,335
LeftMoveStart,335
JumpStart,341
BlockCoinDestroy,343
LeftMoveEnd,344
JumpEnd,355
JumpStart,359
LeftMoveStart,359
LeftMoveEnd,362
RightMoveStart,363
JumpEnd,365
RunStateStart,373
JumpStart,376
RightMoveEnd,385
LeftMoveEnd,386
BlockPowerDestroy,391
JumpEnd,392
JumpStart,394
RightMoveStart,402
JumpEnd,404
JumpStart,407
RightMoveEnd,407
JumpEnd,413
RightMoveEnd,417
RightMoveStart,417
JumpStart,421
LargeStateEnd,424
LeftMoveStart,424
RightMoveEnd,438
LeftMoveStart,451
JumpEnd,452
RightMoveEnd,455
RightMoveStart,462
JumpStart,465
JumpEnd,471
JumpStart,474
JumpEnd,480
JumpStart,485
LeftMoveEnd,488
JumpEnd,499
JumpStart,503
LeftMoveEnd,509
LeftMoveStart,514
JumpEnd,518
JumpStart,524
RunStateEnd,534
JumpEnd,538
DuckStart,547
DuckEnd,552
DuckStart,554
DuckEnd,556
RightMoveEnd,558
RightMoveStart,558
DuckStart,560
DuckEnd,568
RunStateStart,571
JumpStart,594
JumpEnd,600
JumpStart,603
JumpEnd,609
LeftMoveEnd,615
JumpStart,620
RunStateEnd,620
RightMoveStart,624
JumpEnd,632
DuckStart,637
DuckEnd,644
RunStateStart,646
JumpStart,666
JumpEnd,677
JumpStart,688
RightMoveStart,691
JumpEnd,700
CollectCoin,705
CollectCoin,705
CollectCoin,707
JumpStart,711
RightMoveStart,711
RightMoveEnd,717
CollectCoinBulletBill,729
JumpEnd,729
JumpStart,734
LeftMoveStart,741
RightMoveEnd,748
RightMoveStart,757
JumpEnd,758
RightMoveEnd,760
BlockCoinDestroy,772
RightMoveEnd,772
LeftMoveStart,781
BlockCoinDestroy,782
RunStateEnd,785
JumpStart,788
JumpEnd,794
JumpStart,798
JumpEnd,804
RightMoveStart,804
JumpStart,811
BlockCoinDestroy,817
JumpEnd,817
RunStateStart,820
RightMoveEnd,826
LeftMoveStart,827
RunStateEnd,830
JumpStart,833
JumpEnd,839
RightMoveStart,841
RunStateStart,842
LeftMoveEnd,843
JumpStart,849
JumpEnd,859
DuckStart,862
DuckEnd,868
RightMoveStart,869
RightMoveEnd,873
LeftMoveEnd,886
JumpStart,887
RightMoveEnd,897
JumpEnd,902
JumpStart,903
LeftMoveStart,913
JumpEnd,919
JumpStart,921
RightMoveStart,923
JumpEnd,931
LeftMoveStart,937
RightMoveEnd,938
DuckStart,939
DuckEnd,945
RightMoveStart,949
JumpStart,953
LeftMoveEnd,969
JumpEnd,973
JumpStart,976
LeftMoveEnd,976
BlockPowerDestroy,978
RightMoveStart,979
JumpEnd,986
RightMoveEnd,990
BlockCoinDestroy,992
LeftMoveStart,992
JumpStart,994
RightMoveEnd,998
JumpEnd,1005
JumpStart,1008
LeftMoveEnd,1008
JumpEnd,1014
JumpStart,1021
RightMoveEnd,1021
LeftMoveStart,1024
JumpEnd,1030
RightMoveStart,1043
JumpStart,1046
LeftMoveStart,1049
LeftMoveEnd,1057
JumpEnd,1062
RightMoveStart,1065
JumpStart,1068
LeftMoveEnd,1068
LeftMoveEnd,1077
JumpEnd,1084
JumpStart,1092
JumpEnd,1102
RightMoveEnd,1109
LeftMoveStart,1110
RightMoveEnd,1112
RightMoveStart,1122
JumpStart,1125
JumpEnd,1142
JumpStart,1153
JumpEnd,1168
LeftMoveEnd,1182
JumpStart,1190
RightMoveStart,1194
LeftMoveStart,1205
JumpEnd,1206
RunStateEnd,1215
RightMoveStart,1220
RunStateStart,1225
RunStateEnd,1230
RightMoveStart,1232
RightMoveEnd,1241
RightMoveEnd,1248
BlockCoinDestroyBulletBill,1257
JumpStart,1262
LeftMoveStart,1271
RightMoveEnd,1271
RightMoveEnd,1273
RightMoveStart,1284
JumpEnd,1294
JumpStart,1296
RightMoveStart,1302
JumpEnd,1312
LeftMoveEnd,1314
JumpStart,1315
RightMoveStart,1322
JumpEnd,1325
RightMoveEnd,1326
LeftMoveStart,1333
RightMoveStart,1338
RunStateStart,1338
JumpStart,1340
RightMoveEnd,1345
LeftMoveEnd,1349
RightMoveEnd,1352
JumpEnd,1355
RightMoveStart,1355
JumpStart,1358
JumpEnd,1364
JumpStart,1367
RightMoveEnd,1367
JumpEnd,1373
JumpStart,1376
JumpEnd,1382
JumpStart,1392
LeftMoveEnd,1397
JumpEnd,1398
JumpStart,1401
RightMoveEnd,1405
JumpEnd,1407
JumpStart,1409
JumpEnd,1415
RightMoveStart,1416
JumpStart,1419
JumpEnd,1425
JumpStart,1429
JumpEnd,1441
JumpStart,1443
RightMoveStart,1448
RunStateEnd,1451
JumpEnd,1455
LeftMoveStart,1457
DuckStart,1458
DuckEnd,1462
RightMoveStart,1463
JumpStart,1483
RightMoveEnd,1488
RightMoveStart,1491
JumpEnd,1493
RightMoveEnd,1495
LeftMoveStart,1496
RightMoveEnd,1504
JumpStart,1508
RightMoveStart,1512
JumpEnd,1518
JumpStart,1521
RightMoveEnd,1523
JumpEnd,1532
JumpStart,1535
RightMoveStart,1540
JumpEnd,1546
DuckStart,1547
LeftMoveEnd,1550
DuckEnd,1551
RightMoveEnd,1554
JumpStart,1579
LeftMoveEnd,1583
LeftMoveStart,1588
JumpEnd,1595
RightMoveStart,1599
JumpStart,1607
RightMoveEnd,1614
JumpEnd,1617
LeftMoveStart,1623
RightMoveStart,1627
JumpStart,1631
JumpEnd,1651
LeftMoveEnd,1661
RightMoveEnd,1666
JumpStart,1667
BlockCoinDestroy,1670
LeftMoveStart,1671
JumpEnd,1682
LeftMoveStart,1682
JumpStart,1684
LeftMoveEnd,1690
JumpEnd,1694
RightMoveEnd,1698
RightMoveStart,1698
JumpStart,1703
LeftMoveEnd,1708
JumpEnd,1717
LeftMoveEnd,1720
JumpStart,1741
RightMoveStart,1743
JumpEnd,1753
JumpStart,1754
RightMoveStart,1757
JumpEnd,1766
JumpStart,1767
RightMoveStart,1772
JumpEnd,1775
RightMoveEnd,1778
JumpStart,1781
RightMoveStart,1790
RightMoveEnd,1792
JumpEnd,1793
JumpStart,1796
RightMoveEnd,1798
RightMoveEnd,1804
StompKillGoomba,1812
JumpEnd,1817
JumpStart,1842
JumpEnd,1852
JumpStart,1854
RightMoveStart,1857
StompKillGreenKoopa,1862
JumpEnd,1866
RightMoveEnd,1870
JumpStart,1912
JumpEnd,1915
RightMoveEnd,1950
FireStateStart,2357
RunStateStart,3398
RightMoveStart,3826
FireStateEnd,3848
RunStateEnd,3848
RightMoveEnd,3884
WonLevel,4913
