Event,Time
LittleStateStart,0
StartLevel,0
RightMoveStart,35
RightMoveEnd,40
RunStateStart,42
JumpStart,47
BlockPowerDestroy,55
JumpEnd,63
JumpStart,66
BlockPowerDestroy,80
JumpEnd,86
StompKillGoomba,87
JumpStart,90
RightMoveEnd,92
RightMoveStart,93
BlockPowerDestroy,95
StompKillGoomba,95
BlockCoinDestroy,98
BlockPowerDestroy,111
JumpEnd,121
JumpStart,125
RightMoveStart,133
JumpEnd,135
JumpStart,136
RightMoveEnd,143
JumpEnd,146
RightMoveEnd,147
RightMoveStart,159
StompKillGoomba,160
JumpStart,164
RightMoveStart,172
BlockCoinDestroy,174
JumpEnd,174
LeftMoveEnd,177
RightMoveEnd,180
BlockCoinDestroy,183
StompKillGoomba,183
LeftMoveStart,184
BlockCoinDestroy,185
RightMoveStart,190
BlockCoinDestroy,194
RightMoveEnd,194
RightMoveEnd,195
FireKillGoomba,198
RightMoveEnd,198
JumpStart,202
FireKillGoomba,206
RightMoveStart,210
FireKillGoomba,211
JumpEnd,212
RightMoveEnd,212
FireKillGoomba,216
JumpStart,216
StompKillGoomba,220
RightMoveStart,224
JumpEnd,226
JumpStart,228
StompKillGoomba,233
BlockCoinDestroy,235
StompKillGoomba,238
RightMoveEnd,243
RightMoveStart,258
JumpEnd,261
JumpStart,264
LeftMoveEnd,268
RightMoveEnd,269
JumpEnd,271
BlockCoinDestroy,272
JumpStart,274
BlockPowerDestroy,276
RightMoveStart,277
JumpEnd,286
LeftMoveStart,298
RightMoveEnd,307
RightMoveEnd,309
RightMoveStart,309
LittleStateStart,320
LeftMoveStart,321
RightMoveStart,321
RightMoveStart,332
BlockCoinDestroy,334
JumpStart,334
RunStateStart,334
RightMoveEnd,348
JumpEnd,352
LeftMoveEnd,354
JumpStart,371
JumpEnd,379
BlockCoinDestroy,385
LittleStateEnd,385
RunStateEnd,385
LeftMoveEnd,390
RightMoveEnd,396
BlockCoinDestroy,401
LittleStateStart,403
RunStateStart,403
StartLevel,403
RunStateEnd,412
LeftMoveEnd,422
RightMoveStart,424
BlockPowerDestroy,434
RunStateStart,436
JumpStart,440
BlockCoinDestroy,452
JumpEnd,457
JumpStart,458
RightMoveStart,461
JumpEnd,470
LeftMoveStart,490
JumpStart,498
JumpEnd,508
RightMoveEnd,508
RightMoveStart,508
JumpStart,512
JumpEnd,521
JumpStart,527
LeftMoveStart,527
LargeStateStart,531
LittleStateEnd,531
RightMoveStart,551
JumpEnd,559
BlockCoinDestroy,560
JumpStart,561
LeftMoveEnd,568
RightMoveStart,569
JumpEnd,571
RightMoveEnd,573
RightMoveStart,590
JumpStart,593
RightMoveEnd,594
JumpEnd,599
DieByGoomba,602
JumpStart,602
RightMoveEnd,602
LittleStateStart,607
StartLevel,607
JumpEnd,608
RightMoveStart,608
RightMoveStart,609
JumpStart,613
JumpEnd,619
LittleStateEnd,622
RunStateEnd,622
RunStateStart,625
JumpStart,626
RightMoveEnd,629
RightMoveStart,631
JumpStart,637
StartLevel,639
RightMoveStart,650
JumpEnd,651
JumpEnd,654
JumpStart,654
JumpStart,656
RightMoveEnd,663
JumpEnd,665
JumpEnd,667
LeftMoveStart,673
RightMoveStart,673
JumpStart,674
JumpStart,677
RightMoveEnd,677
JumpEnd,680
JumpEnd,685
RightMoveStart,688
JumpStart,691
JumpStart,695
LeftMoveStart,696
JumpEnd,697
LargeStateStart,698
LittleStateEnd,698
RightMoveEnd,709
JumpStart,710
RightMoveStart,714
RightMoveEnd,718
JumpEnd,726
JumpEnd,726
LeftMoveStart,726
RightMoveStart,726
JumpStart,730
JumpStart,734
JumpEnd,740
RightMoveStart,740
RightMoveEnd,745
JumpEnd,746
JumpStart,748
RightMoveStart,748
JumpStart,753
LeftMoveStart,753
JumpEnd,758
FireStateStart,759
LargeStateEnd,759
JumpEnd,760
RightMoveEnd,762
JumpStart,763
RightMoveStart,771
JumpEnd,773
RightMoveEnd,780
RightMoveEnd,780
RightMoveStart,783
RightMoveStart,783
JumpStart,784
LeftMoveEnd,789
JumpStart,790
RunStateEnd,794
RunStateStart,798
JumpEnd,800
RunStateEnd,800
RightMoveEnd,801
JumpEnd,802
RunStateStart,802
JumpStart,804
RightMoveEnd,804
RightMoveEnd,805
RightMoveStart,806
LeftMoveEnd,809
RightMoveStart,809
JumpEnd,810
RunStateEnd,819
JumpStart,820
JumpStart,823
RunStateStart,825
JumpEnd,826
RightMoveStart,826
RunStateEnd,830
RunStateStart,833
RunStateEnd,836
JumpStart,837
JumpEnd,839
RunStateStart,839
RunStateEnd,841
JumpEnd,843
RunStateStart,843
RightMoveEnd,846
RunStateEnd,846
RightMoveEnd,848
RunStateStart,849
RightMoveEnd,851
RunStateEnd,852
JumpStart,853
JumpEnd,859
RunStateStart,860
RightMoveStart,864
JumpStart,871
JumpStart,872
JumpEnd,877
RightMoveStart,880
JumpEnd,882
LeftMoveEnd,882
LeftMoveStart,883
JumpStart,884
JumpStart,886
JumpEnd,892
RightMoveEnd,892
RightMoveStart,897
JumpEnd,898
JumpStart,899
JumpEnd,905
JumpStart,907
RightMoveStart,911
FireStateStart,912
LargeStateEnd,912
LeftMoveStart,918
JumpStart,928
RightMoveEnd,934
RightMoveStart,936
RightMoveStart,939
JumpEnd,940
RightMoveEnd,940
JumpEnd,944
JumpStart,944
LeftMoveStart,946
RightMoveEnd,947
JumpEnd,950
JumpStart,953
JumpStart,957
RightMoveStart,958
JumpEnd,963
JumpStart,965
RightMoveStart,965
JumpEnd,967
LeftMoveStart,979
RightMoveEnd,979
JumpEnd,980
JumpStart,983
RightMoveEnd,984
LeftMoveEnd,985
RightMoveStart,985
RightMoveEnd,989
RightMoveStart,991
FireStateEnd,992
RunStateEnd,992
JumpEnd,993
RightMoveEnd,995
JumpStart,997
RightMoveEnd,998
RightMoveStart,1005
JumpEnd,1007
JumpStart,1009
RightMoveEnd,1009
JumpEnd,1032
JumpStart,1033
RightMoveEnd,1037
JumpEnd,1043
JumpStart,1045
JumpEnd,1055
JumpStart,1059
JumpEnd,1075
LeftMoveEnd,1080
LeftMoveEnd,1092
JumpStart,1098
LeftMoveEnd,1100
RightMoveStart,1101
JumpEnd,1102
FireStateEnd,1110
LargeStateStart,1110
RightMoveEnd,1113
JumpStart,1134
RightMoveStart,1138
JumpEnd,1148
LeftMoveStart,1151
JumpStart,1167
JumpEnd,1183
JumpStart,1184
RightMoveEnd,1187
JumpEnd,1200
JumpStart,1205
JumpEnd,1221
LargeStateEnd,1228
RunStateEnd,1228
RightMoveEnd,1233
LeftMoveEnd,1365
DeathByGap,1555
DeathByGap,2090
LostLevel,2091
