Event,Time
LittleStateStart,0
StartLevel,0
StompKillGoomba,59
BlockCoinDestroy,62
RunStateStart,76
RightMoveStart,77
StompKillGoomba,81
JumpStart,85
JumpEnd,101
JumpStart,103
JumpEnd,117
RightMoveEnd,120
StompKillGoomba,127
LeftMoveStart,129
JumpStart,130
RightMoveEnd,133
RightMoveStart,136
StompKillGoomba,140
StompKillGoomba,141
JumpEnd,142
BlockCoinDestroy,160
LeftMoveStart,162
BlockCoinDestroy,166
RightMoveStart,174
JumpStart,176
JumpEnd,192
LittleStateEnd,196
RunStateEnd,196
LeftMoveEnd,204
RightMoveEnd,209
LittleStateStart,214
StartLevel,214
RightMoveEnd,219
RightMoveEnd,220
BlockCoinDestroy,222
LeftMoveEnd,232
RunStateStart,238
BlockCoinDestroy,241
RightMoveStart,242
JumpStart,247
DieByGoomba,261
JumpEnd,263
JumpStart,273
RightMoveStart,276
LeftMoveEnd,281
JumpEnd,285
LittleStateStart,287
StartLevel,287
JumpStart,290
JumpEnd,302
LeftMoveEnd,302
JumpStart,304
RightMoveStart,310
RunStateStart,311
JumpStart,319
JumpEnd,321
JumpStart,326
JumpEnd,335
JumpEnd,337
JumpStart,337
LeftMoveStart,338
RightMoveStart,341
JumpStart,342
RightMoveEnd,344
JumpEnd,350
JumpStart,352
JumpEnd,354
JumpStart,356
RightMoveStart,368
RunStateEnd,368
JumpEnd,370
JumpEnd,372
JumpStart,372
LeftMoveStart,374
JumpStart,379
JumpEnd,386
RightMoveStart,387
JumpStart,389
JumpEnd,396
JumpEnd,397
RightMoveStart,403
RightMoveStart,404
RightMoveEnd,405
RightMoveStart,406
JumpStart,407
RightMoveStart,408
JumpStart,410
RightMoveEnd,410
RightMoveEnd,411
RightMoveStart,417
JumpEnd,418
RightMoveEnd,419
JumpEnd,423
RightMoveStart,424
RightMoveEnd,427
JumpStart,428
RightMoveEnd,431
JumpStart,436
RightMoveStart,442
RightMoveStart,444
RightMoveStart,444
RunStateStart,444
JumpEnd,446
RunStateEnd,449
RightMoveEnd,450
JumpEnd,453
StompKillGoomba,456
LeftMoveStart,458
BlockCoinDestroy,459
RightMoveEnd,461
RightMoveStart,462
RunStateStart,465
JumpStart,468
RightMoveEnd,468
LeftMoveStart,471
RightMoveEnd,471
JumpEnd,476
RightMoveStart,477
JumpStart,481
RightMoveEnd,482
LittleStateEnd,483
RightMoveEnd,483
RunStateEnd,483
LeftMoveEnd,489
LeftMoveStart,495
RightMoveEnd,496
RightMoveEnd,498
JumpEnd,506
RightMoveStart,506
LeftMoveStart,524
RightMoveStart,531
RunStateEnd,536
RightMoveStart,537
RightMoveStart,539
JumpStart,541
RightMoveStart,541
RightMoveEnd,542
RightMoveStart,543
RightMoveEnd,544
RightMoveEnd,544
RightMoveStart,545
RightMoveEnd,546
RightMoveStart,547
RightMoveEnd,548
RightMoveStart,549
RightMoveEnd,550
JumpEnd,551
JumpStart,555
LeftMoveEnd,559
RightMoveEnd,561
JumpEnd,571
JumpStart,574
RightMoveEnd,574
LeftMoveEnd,581
LeftMoveStart,589
RightMoveEnd,590
JumpEnd,593
RightMoveStart,597
JumpStart,602
JumpEnd,612
LeftMoveStart,624
StompKillGoomba,625
LeftMoveEnd,626
JumpStart,640
RightMoveStart,641
BlockCoinDestroy,644
JumpEnd,650
LeftMoveStart,657
LeftMoveEnd,661
RightMoveStart,665
JumpStart,666
RightMoveEnd,668
JumpEnd,674
LeftMoveEnd,675
JumpStart,678
JumpEnd,692
LeftMoveEnd,692
RunStateStart,696
RightMoveEnd,700
JumpStart,702
DeathByGap,707
RightMoveStart,710
JumpEnd,712
JumpStart,717
RightMoveEnd,731
LeftMoveStart,739
JumpEnd,740
RightMoveStart,744
JumpStart,746
RightMoveStart,761
JumpEnd,769
JumpStart,777
RightMoveEnd,783
RightMoveStart,787
JumpEnd,789
RunStateEnd,790
JumpStart,793
RightMoveStart,793
RightMoveEnd,794
RightMoveEnd,794
RightMoveStart,795
RightMoveEnd,800
JumpEnd,803
JumpStart,809
RightMoveEnd,809
RightMoveStart,809
RightMoveStart,811
RightMoveEnd,818
JumpEnd,820
LeftMoveEnd,822
RightMoveEnd,822
RightMoveStart,822
RightMoveEnd,824
JumpStart,825
JumpEnd,841
RunStateStart,860
JumpStart,882
JumpEnd,890
RightMoveEnd,890
RunStateEnd,892
RightMoveStart,893
JumpStart,898
RightMoveStart,899
RightMoveStart,901
JumpEnd,905
RightMoveEnd,906
JumpStart,913
BlockPowerDestroy,927
RightMoveEnd,930
JumpEnd,940
RightMoveStart,943
JumpStart,946
JumpEnd,954
RightMoveStart,956
JumpStart,958
RightMoveStart,958
RightMoveStart,960
RightMoveEnd,961
RightMoveStart,962
RightMoveEnd,963
RightMoveEnd,965
JumpEnd,968
RightMoveEnd,970
JumpStart,986
RightMoveEnd,997
JumpEnd,1002
JumpStart,1005
JumpEnd,1020
LeftMoveStart,1020
RightMoveEnd,1021
RightMoveStart,1026
JumpStart,1031
JumpEnd,1045
LeftMoveStart,1053
RightMoveStart,1065
JumpStart,1069
JumpEnd,1082
JumpStart,1089
LeftMoveEnd,1097
JumpEnd,1103
RunStateStart,1103
JumpStart,1113
RightMoveEnd,1116
RunStateEnd,1117
JumpEnd,1125
LeftMoveStart,1125
RightMoveStart,1129
JumpStart,1143
JumpEnd,1156
LeftMoveStart,1160
RightMoveStart,1162
RightMoveEnd,1163
JumpStart,1165
JumpEnd,1178
JumpStart,1179
RightMoveStart,1183
JumpEnd,1193
LeftMoveEnd,1196
RightMoveStart,1197
JumpStart,1198
LeftMoveEnd,1199
RightMoveStart,1199
RightMoveStart,1201
RightMoveEnd,1202
JumpEnd,1207
RightMoveStart,1211
JumpStart,1212
RightMoveEnd,1212
RightMoveEnd,1212
RightMoveEnd,1212
RightMoveEnd,1215
RightMoveEnd,1223
JumpEnd,1228
JumpStart,1229
RightMoveStart,1239
RightMoveStart,1241
JumpEnd,1242
RightMoveEnd,1248
RightMoveEnd,1268
RightMoveEnd,1283
RightMoveStart,1289
LeftMoveEnd,1306
JumpStart,1312
LeftMoveStart,1319
LittleStateEnd,1326
RightMoveStart,1326
JumpEnd,1346
JumpStart,1359
RightMoveEnd,1366
JumpEnd,1370
RightMoveStart,1373
JumpStart,1376
JumpEnd,1388
LeftMoveStart,1395
RightMoveStart,1399
JumpStart,1402
RightMoveEnd,1409
RightMoveStart,1414
RightMoveStart,1416
RightMoveStart,1418
RightMoveEnd,1419
RightMoveStart,1420
RightMoveEnd,1421
JumpEnd,1422
RightMoveStart,1422
RightMoveEnd,1423
JumpStart,1430
RightMoveEnd,1430
RightMoveStart,1435
RightMoveEnd,1436
JumpEnd,1439
RightMoveEnd,1439
RightMoveEnd,1441
RightMoveEnd,1449
LeftMoveEnd,1474
LeftMoveEnd,1484
LargeStateStart,2241
RightMoveStart,2352
LargeStateEnd,2386
RightMoveEnd,2388
WonLevel,3476
